,symbol,isin,name,market
0,2CRSI.PA,FR0013341781,2CRSI,Euronext Paris
1,2MX.PA,FR0014000T90,2MX ORGANIC,Euronext Paris
2,2MXBS.PA,FR0014000TB2,2MX ORGANIC BS,Euronext Paris
3,5PG.OL,DK0060945467,5TH PLANET GAMES,Euronext Expand Oslo
4,8GW.IR,IE00B1FR8863,GREAT WESTERN MIN.,Euronext Growth Dublin
5,A5G.IR,IE00BF0L3536,AIB GROUP PLC,Euronext Dublin
6,AAA.PA,FR0000062465,ALAN ALLMAN,Euronext Paris
7,AAC.PA,FR0014003PZ3,ACCOR AC SHARES,Euronext Paris
8,AACW.PA,FR0014003QK3,ACCOR AC WARRANTS,Euronext Paris
9,AALB.AS,NL0000852564,AALBERTS NV,Euronext Amsterdam
10,AASB.OL,NO0010672181,AASEN SPAREBANK,Euronext Growth Oslo
11,AB.PA,FR0010557264,AB SCIENCE,Euronext Paris
12,ABCA.PA,FR0004040608,ABC ARBITRAGE,Euronext Paris
13,ABEO.PA,FR0013185857,ABEO,Euronext Paris
14,ABI.BE,BE0974293251,AB INBEV,Euronext Brussels
15,ABIBS.PA,FR0013368438,ALBIOMA BSAAR 2018,Euronext Growth Paris
16,ABIO.PA,FR0000060402,ALBIOMA,Euronext Paris
17,ABN.AS,NL0011540547,ABN AMRO BANK N.V.,Euronext Amsterdam
18,ABNX.PA,FR0012616852,ABIONYX PHARMA,Euronext Paris
19,ABO.BE,BE0974278104,ABO GROUP,Euronext Brussels
20,ABS.OL,NO0010859580,ARCTIC BIOSCIENCE,Euronext Growth Oslo
21,ABT.OL,NO0010307135,AQUA BIO TECHNO,Euronext Expand Oslo
22,ABVX.PA,FR0012333284,ABIVAX,Euronext Paris
23,AC.PA,FR0000120404,ACCOR,Euronext Paris
24,ACA.PA,FR0000045072,CREDIT AGRICOLE,Euronext Paris
25,ACAN.PA,FR0000064602,ACANTHE DEV.,Euronext Paris
26,ACCB.BE,BE0003696102,ACCENTIS,Euronext Brussels
27,ACCEL.AS,NL0009767532,ACCELL GROUP,Euronext Amsterdam
28,ACH.OL,NO0010936081,AKER CLEAN HYDROGE,Euronext Growth Oslo
29,ACKB.BE,BE0003764785,ACKERMANS V.HAAREN,Euronext Brussels
30,ACOMO.AS,NL0000313286,AMSTERDAM COMMOD.,Euronext Amsterdam
31,ACPH.BE,GB00BYWF9Y76,ACACIA PHARMA,Euronext Brussels
32,AD.AS,NL0011794037,AHOLD DEL,Euronext Amsterdam
33,ADOC.PA,FR0011184241,ADOCIA,Euronext Paris
34,ADP.PA,FR0010340141,ADP,Euronext Paris
35,ADS.OL,CY0108052115,ADS MARITIME HOLD,Euronext Growth Oslo
36,ADUX.PA,FR0012821890,ADUX,Euronext Paris
37,ADVI.PA,FR0000053043,ADVINI,Euronext Paris
38,ADVIC.PA,FR0013296746,ADVICENNE,Euronext Paris
39,ADYEN.AS,NL0012969182,ADYEN,Euronext Amsterdam
40,AED.BE,BE0003851681,AEDIFICA,Euronext Brussels
41,AEGA.OL,NO0010626559,AEGA,Euronext Expand Oslo
42,AF.PA,FR0000031122,AIR FRANCE -KLM,Euronext Paris
43,AFISH.OL,NO0010917719,ARCTIC FISH HOLDIN,Euronext Growth Oslo
44,AFME.PA,FR0013333077,AFFLUENT MEDICAL,Euronext Paris
45,AGFB.BE,BE0003755692,AGFA-GEVAERT,Euronext Brussels
46,AGLX.OL,NO0010872468,AGILYX,Euronext Growth Oslo
47,AGN.AS,NL0000303709,AEGON,Euronext Amsterdam
48,AGS.BE,BE0974264930,AGEAS,Euronext Brussels
49,AI.PA,FR0000120073,AIR LIQUIDE,Euronext Paris
50,AIID.IR,US8730483000,T STAMP INC,Euronext Growth Dublin
51,AIR.PA,NL0000235190,AIRBUS,Euronext Paris
52,AIRX.OL,NO0010895568,AIRTHINGS,Euronext Growth Oslo
53,AJAX.AS,NL0000018034,AJAX,Euronext Amsterdam
54,AKA.PA,FR0004180537,AKKA TECHNOLOGIES,Euronext Paris
55,AKE.PA,FR0010313833,ARKEMA,Euronext Paris
56,AKOBO.OL,SE0015193412,AKOBO MINERALS,Euronext Growth Oslo
57,AKOM.PA,US00774B2088,AERKOMM INC,Euronext Paris
58,AKW.PA,FR0000053027,AKWEL,Euronext Paris
59,AKZA.AS,NL0013267909,AKZO NOBEL,Euronext Amsterdam
60,ALACT.PA,FR0014005OJ5,ACTICOR BIOTECH,Euronext Growth Paris
61,ALADA.PA,FR0000053076,ADA,Euronext Growth Paris
62,ALADM.PA,FR0010457531,ADTHINK,Euronext Growth Paris
63,ALADO.PA,FR0013247244,ADOMOS,Euronext Growth Paris
64,ALADV.PA,FR0004152874,ADVENIS,Euronext Growth Paris
65,ALAFY.PA,FR0014005AC9,AFYREN,Euronext Growth Paris
66,ALAGO.PA,FR0014004339,E PANGO,Euronext Growth Paris
67,ALAGP.PA,FR0013452281,AGRIPOWER,Euronext Growth Paris
68,ALAGR.PA,FR0010641449,AGROGENERATION,Euronext Growth Paris
69,ALAIR.PA,IT0005450819,AIRTIME,Euronext Growth Paris
70,ALALO.PA,FR0010493510,ACHETER-LOUER.FR,Euronext Growth Paris
71,ALAMA.PA,GB00BNKGZC51,AMA CORPORATION,Euronext Growth Paris
72,ALAMG.PA,FR0013410370,AUPLATA MINING GR,Euronext Growth Paris
73,ALAQU.PA,FR0010340711,AQUILA,Euronext Growth Paris
74,ALARF.PA,FR0013284627,ADEUNIS,Euronext Growth Paris
75,ALAUD.PA,FR00140059B5,AUDACIA,Euronext Growth Paris
76,ALAVY.PA,BE0974334667,AUDIOVALLEY,Euronext Growth Paris
77,ALBDM.PA,FR0000035305,BD MULTI MEDIA,Euronext Growth Paris
78,ALBFR.PA,FR0010202606,SIDETRADE,Euronext Growth Paris
79,ALBI.PA,FR0000124414,GASCOGNE,Euronext Growth Paris
80,ALBIO.PA,FR0011005933,BIOSYNEX,Euronext Growth Paris
81,ALBIZ.PA,FR0014003711,OBIZ,Euronext Growth Paris
82,ALBKK.PA,FR0013384369,BAIKOWSKI,Euronext Growth Paris
83,ALBLD.PA,FR0004174233,BILENDI,Euronext Growth Paris
84,ALBLU.PA,FR0011041011,BLUELINEA,Euronext Growth Paris
85,ALBOA.PA,FR0011365907,BOA CONCEPT,Euronext Growth Paris
86,ALBOO.PA,FR0011814938,BOOSTHEAT,Euronext Growth Paris
87,ALBOU.PA,FR0000054421,BOURRELIER GROUP,Euronext Growth Paris
88,ALBPS.PA,FR0012816825,BIOPHYTIS,Euronext Growth Paris
89,ALBUD.PA,FR0004172450,MINT,Euronext Growth Paris
90,ALCAR.PA,FR0010907956,CARMAT,Euronext Growth Paris
91,ALCBI.PA,FR0014007LW0,CBI,Euronext Growth Paris
92,ALCES.PA,FR0013297165,CESAR,Euronext Growth Paris
93,ALCG.PA,FR0013530102,CABASSE GROUP,Euronext Growth Paris
94,ALCHI.PA,FR0014000JX7,ALCHIMIE,Euronext Growth Paris
95,ALCJ.PA,FR0011716265,CROSSJECT,Euronext Growth Paris
96,ALCLA.PA,FR0004152882,CLASQUIN,Euronext Growth Paris
97,ALCLS.PA,FR0010425595,CELLECTIS,Euronext Growth Paris
98,ALCOF.PA,FR0013257409,COFIDUR,Euronext Growth Paris
99,ALCOG.PA,FR0011071570,COGRA,Euronext Growth Paris
100,ALCOI.PA,BE0160342011,COIL,Euronext Growth Paris
101,ALCOR.PA,FR0012788065,BIOCORP,Euronext Growth Paris
102,ALCRB.PA,FR0011648716,CARBIOS,Euronext Growth Paris
103,ALCUR.PA,FR0013398997,ARCURE,Euronext Growth Paris
104,ALCYB.PA,FR0014004QR6,CYBERGUN,Euronext Growth Paris
105,ALD.PA,FR0013258662,ALD,Euronext Paris
106,ALDAR.PA,FR0000185423,DAMARTEX,Euronext Growth Paris
107,ALDBL.PA,FR0000066961,BERNARD LOISEAU,Euronext Growth Paris
108,ALDBT.PA,FR0013066750,DBT,Euronext Growth Paris
109,ALDBY.PA,FR0013400991,DELTA DRONE BSA Y,Euronext Growth Paris
110,ALDEI.PA,FR0010879056,DEINOVE,Euronext Growth Paris
111,ALDEL.PA,FR0000054132,DELFINGEN,Euronext Growth Paris
112,ALDEV.PA,FR0000060840,DEVERNOIS,Euronext Growth Paris
113,ALDLS.PA,FR0010404368,D.L.S.I.,Euronext Growth Paris
114,ALDLT.PA,FR0013283108,DELTA PLUS GROUP,Euronext Growth Paris
115,ALDNE.PA,FR0013331212,DONTNOD,Euronext Growth Paris
116,ALDNX.PA,FR0010436584,DNXCORP,Euronext Growth Paris
117,ALDOL.PA,FR0014004QZ9,DOLFINES,Euronext Growth Paris
118,ALDR.PA,FR0011522168,DELTA DRONE,Euronext Growth Paris
119,ALDRV.PA,FR0013088606,DRONE VOLT,Euronext Growth Paris
120,ALDUB.PA,FR0004030708,ENCRES DUBUIT,Euronext Growth Paris
121,ALDV.PA,BE0974269012,ADC SIIC,Euronext Paris
122,ALEAC.PA,IT0005351504,EDILIZIACROBATICA,Euronext Growth Paris
123,ALECO.PA,FR0013534617,ECOMIAM,Euronext Growth Paris
124,ALECP.PA,FR0010490920,EUROPACORP,Euronext Growth Paris
125,ALECR.PA,FR0013256518,EUROFINS CEREP,Euronext Growth Paris
126,ALEMG.PA,FR0000075343,EUROMEDIS GROUPE,Euronext Growth Paris
127,ALEMV.PA,FR0013356755,EMOVA GROUP,Euronext Growth Paris
128,ALENE.PA,FR0011915339,ENERTIME,Euronext Growth Paris
129,ALENO.PA,FR0014004974,ENOGIA,Euronext Growth Paris
130,ALENR.PA,FR0000045122,ENTREPRENDRE,Euronext Growth Paris
131,ALENT.PA,FR0010424697,ENTREPARTICULIERS,Euronext Growth Paris
132,ALEO2.PA,FR0010465534,EO2,Euronext Growth Paris
133,ALERS.PA,FR0013240934,EUROBIO-SCIENTIFIC,Euronext Growth Paris
134,ALESA.PA,FR0011490648,ECOSLOPS,Euronext Growth Paris
135,ALESE.PA,FR0014004362,ENTECH,Euronext Growth Paris
136,ALESK.PA,FR0000035818,ESKER,Euronext Growth Paris
137,ALEUA.PA,FR0010844001,EURASIA GROUPE,Euronext Growth Paris
138,ALEUP.PA,FR0013514114,EUROPLASMA,Euronext Growth Paris
139,ALEXA.PA,FR0000064164,EXACOMPTA CLAIREF.,Euronext Growth Paris
140,ALFBA.PA,FR0004034593,FASHION B AIR,Euronext Growth Paris
141,ALFEN.AS,NL0012817175,ALFEN,Euronext Amsterdam
142,ALFLE.PA,FR0000074759,FLEURY MICHON,Euronext Growth Paris
143,ALFOC.PA,FR0012419307,FOCUS HOME INT,Euronext Growth Paris
144,ALFPC.PA,FR0010485268,FOUNTAINE PAJOT,Euronext Growth Paris
145,ALFRE.PA,FR0004187367,FREELANCE.COM,Euronext Growth Paris
146,ALGAU.PA,FR0013495298,GAUSSIN,Euronext Growth Paris
147,ALGBE.PA,FR0011052257,GLOBAL BIOENERGIES,Euronext Growth Paris
148,ALGEC.PA,FR0000079634,GECI INTL,Euronext Growth Paris
149,ALGEN.PA,FR0004053510,GENOWAY,Euronext Growth Paris
150,ALGEV.PA,FR0000033888,GEVELOT,Euronext Growth Paris
151,ALGIL.PA,FR0012819381,GROUPE GUILLIN,Euronext Growth Paris
152,ALGIR.PA,FR0000060790,SIGNAUX GIROD,Euronext Growth Paris
153,ALGLD.PA,FR0011208693,GOLD BY GOLD,Euronext Growth Paris
154,ALGRO.PA,FR0014005ZM5,GROLLEAU,Euronext Growth Paris
155,ALGTR.PA,FR0013429404,GROUPE TERA,Euronext Growth Paris
156,ALHEO.PA,CA4433003064,H2O INNOVATION INC,Euronext Growth Paris
157,ALHF.PA,FR0000038531,HF COMPANY,Euronext Growth Paris
158,ALHGO.PA,GB00BMDXQ672,HAMILTON GLOBAL OP,Euronext Growth Paris
159,ALHGR.PA,FR0013451044,HOFFMANN,Euronext Growth Paris
160,ALHIO.PA,FR0000077562,HIOLLE INDUSTRIES,Euronext Growth Paris
161,ALHIT.PA,FR0010396309,HITECHPROS,Euronext Growth Paris
162,ALHRG.PA,FR0000066540,HERIGE,Euronext Growth Paris
163,ALHRS.PA,FR0014001PM5,HYDROGEN REFUELING,Euronext Growth Paris
164,ALHYG.PA,FR0004153930,HYBRIGENICS,Euronext Growth Paris
165,ALHYP.PA,FR0012821916,HIPAY GROUP,Euronext Growth Paris
166,ALI2S.PA,FR0005854700,I2S,Euronext Growth Paris
167,ALICR.PA,FR0014005IU4,I.CERAM,Euronext Growth Paris
168,ALIDS.PA,FR0000062184,IDSUD,Euronext Growth Paris
169,ALIE.PA,IT0005380602,ILBE,Euronext Growth Paris
170,ALIKO.PA,FR00140048X2,IKONISYS,Euronext Growth Paris
171,ALIMO.PA,FR0014000RP6,GROUPIMO,Euronext Growth Paris
172,ALIMP.PA,FR0013470168,IMPLANET,Euronext Growth Paris
173,ALIMR.PA,FR0013060100,IMMERSION,Euronext Growth Paris
174,ALINN.PA,FR0000064297,INNELEC MULTIMEDIA,Euronext Growth Paris
175,ALINS.PA,FR0011179886,INTRASENSE,Euronext Growth Paris
176,ALINT.PA,FR0010908723,INTEGRAGEN,Euronext Growth Paris
177,ALINV.PA,BE0974299316,INVIBES ADVERTSING,Euronext Growth Paris
178,ALISP.PA,ES0109429037,ISPD,Euronext Growth Paris
179,ALITL.PA,FR0000072597,IT LINK,Euronext Growth Paris
180,ALJXR.PA,FR0000182479,ARCHOS,Euronext Growth Paris
181,ALKAL.PA,FR0010722819,KALRAY,Euronext Growth Paris
182,ALKEM.PA,FR00140069V2,GROUPE BERKEM,Euronext Growth Paris
183,ALKER.PA,IT0005380438,MEDIA MAKER,Euronext Growth Paris
184,ALKEY.PA,FR0004029411,KEYRUS,Euronext Growth Paris
185,ALKKO.PA,FR0013374667,KKO INTERNATIONAL,Euronext Growth Paris
186,ALKLA.PA,FR0011038348,KLARSEN,Euronext Growth Paris
187,ALKLK.PA,FR0013156007,KERLINK,Euronext Growth Paris
188,ALKOM.PA,ES0105425005,KOMPUESTOS,Euronext Growth Paris
189,ALLAN.PA,FR0004027068,LANSON-BCC,Euronext Growth Paris
190,ALLDL.PA,FR0000075442,GROUPE LDLC,Euronext Growth Paris
191,ALLEC.PA,FR0013335742,COGELEC,Euronext Growth Paris
192,ALLEX.PA,FR0000033599,LEXIBOOK LINGUIST.,Euronext Growth Paris
193,ALLFG.AS,GB00BNTJ3546,ALLFUNDS GROUP,Euronext Amsterdam
194,ALLGO.PA,FR0013308582,LARGO,Euronext Growth Paris
195,ALLHB.PA,FR0007080254,LES HOTELS BAVEREZ,Euronext Growth Paris
196,ALLIX.PA,FR0010131409,WALLIX,Euronext Growth Paris
197,ALLLN.PA,ES0105089009,LLEIDA,Euronext Growth Paris
198,ALLOG.PA,FR0000044943,LOGIC INSTRUMENT,Euronext Growth Paris
199,ALLUX.PA,FR0000060451,INSTALLUX,Euronext Growth Paris
200,ALM.PA,FR0013421286,ALPHA MOS,Euronext Paris
201,ALMAK.PA,FR0000072993,MAKHEIA GROUP,Euronext Growth Paris
202,ALMAR.PA,FR0013400835,MARE NOSTRUM,Euronext Growth Paris
203,ALMAS.PA,FR0004155687,MASTRAD,Euronext Growth Paris
204,ALMDG.PA,FR0010353888,MGI DIGITAL GRAPHI,Euronext Growth Paris
205,ALMDP.PA,FR0010844464,MEDESIS PHARMA,Euronext Growth Paris
206,ALMDT.PA,FR0011049824,MEDIANTECHNOLOGIES,Euronext Growth Paris
207,ALMER.PA,FR0010776617,SAPMER,Euronext Growth Paris
208,ALMET.PA,FR0011217710,METHANOR,Euronext Growth Paris
209,ALMGI.PA,FR0010204453,MG INTERNATIONAL,Euronext Growth Paris
210,ALMIB.PA,FR0011051598,AMOEBA,Euronext Growth Paris
211,ALMII.PA,FR0013270626,M2I,Euronext Growth Paris
212,ALMIL.PA,FR0010285965,1000MERCIS,Euronext Growth Paris
213,ALMKS.PA,ES0105463006,MAKING SCIENCE,Euronext Growth Paris
214,ALMLB.PA,FR0013053535,MILIBOO,Euronext Growth Paris
215,ALMND.PA,FR00140050Q2,MND,Euronext Growth Paris
216,ALMNG.PA,FR0010812230,MADVERTISE,Euronext Growth Paris
217,ALMOU.PA,FR0011033083,MOULINVEST,Euronext Growth Paris
218,ALMRB.PA,FR0004034320,MR BRICOLAGE,Euronext Growth Paris
219,ALMTH.PA,IT0004615396,METHORIOS CAPITAL,Euronext Growth Paris
220,ALMUN.PA,FR0013462231,MUNIC,Euronext Growth Paris
221,ALNEV.PA,FR0004032746,NEOVACS,Euronext Growth Paris
222,ALNFL.PA,FR0014003XT0,NFL BIOSCIENCES,Euronext Growth Paris
223,ALNG.OL,NO0010607971,AWILCO LNG,Euronext Expand Oslo
224,ALNLF.PA,FR0011636083,NEOLIFE,Euronext Growth Paris
225,ALNMR.PA,FR0014003J32,NAMR,Euronext Growth Paris
226,ALNN6.PA,FR0013330792,ENENSYS,Euronext Growth Paris
227,ALNOR.LS,PTNEX0AM0002,NEXPONOR-SICAFI,Euronext Growth Lisbon
228,ALNOV.PA,FR0010397232,NOVACYT,Euronext Growth Paris
229,ALNOX.PA,NL0012044762,NOXXON,Euronext Growth Paris
230,ALNRG.PA,FR0013399359,ENERGISME,Euronext Growth Paris
231,ALNSC.PA,FR0000064529,NSC GROUPE,Euronext Growth Paris
232,ALNSE.PA,FR0004065639,NSE,Euronext Growth Paris
233,ALNTG.PA,FR0004154060,NETGEM,Euronext Growth Paris
234,ALNXT.PA,FR0004171346,NEXTEDIA,Euronext Growth Paris
235,ALO.PA,FR0010220475,ALSTOM,Euronext Paris
236,ALOBR.PA,FR0010330613,OBER,Euronext Growth Paris
237,ALODC.PA,FR0014003T71,OMER-DECUGIS & CIE,Euronext Growth Paris
238,ALONC.PA,FR0011766229,ONCODESIGN,Euronext Growth Paris
239,ALONX.PA,FR0010095596,ONXEO,Euronext Growth Paris
240,ALORA.PA,FR0000061244,ALTHEORA,Euronext Growth Paris
241,ALORD.PA,FR0013318052,ORDISSIMO,Euronext Growth Paris
242,ALOSM.PA,FR0013231180,OSMOZIS,Euronext Growth Paris
243,ALPAR.PA,FR0013204070,GPE PAROT (AUTO),Euronext Growth Paris
244,ALPAT.PA,FR0010785790,PLANT ADVANCED,Euronext Growth Paris
245,ALPAU.PA,FR0013479730,PAULIC MEUNERIE,Euronext Growth Paris
246,ALPCV.PA,FR0013178712,CERINNOV GROUP,Euronext Growth Paris
247,ALPDX.PA,FR0000061608,PISCINES DESJOYAUX,Euronext Growth Paris
248,ALPER.PA,NL0012191662,LA PERLA FASHION,Euronext Growth Paris
249,ALPHA.PA,FR0011191287,PHARNEXT,Euronext Growth Paris
250,ALPHE.PA,FR0011651694,PHERECYDES PHARMA,Euronext Growth Paris
251,ALPHI.PA,ES0105029005,FACEPHI,Euronext Growth Paris
252,ALPHS.PA,BE0974302342,PHARMASIMPLE,Euronext Growth Paris
253,ALPIX.PA,FR0011950641,PIXIUM VISION,Euronext Growth Paris
254,ALPJT.PA,FR0000066441,POUJOULAT,Euronext Growth Paris
255,ALPLA.PA,FR0010211037,PLANET MEDIA,Euronext Growth Paris
256,ALPOU.PA,FR0013015583,POULAILLON,Euronext Growth Paris
257,ALPRE.PA,FR0010169920,PREDILIFE,Euronext Growth Paris
258,ALPRI.PA,FR0004044600,PRISMAFLEX INTL,Euronext Growth Paris
259,ALPRO.PA,FR0010313486,PRODWARE,Euronext Growth Paris
260,ALPTR.LS,PTPRS0AM0017,PATRIS,Euronext Growth Lisbon
261,ALQGC.PA,FR0011648971,QUANTUM GENOMICS,Euronext Growth Paris
262,ALQP.PA,ES0105118006,QUADPACK,Euronext Growth Paris
263,ALQWA.PA,FR0010889386,QWAMPLIFY,Euronext Growth Paris
264,ALREA.PA,FR0011858190,REALITES,Euronext Growth Paris
265,ALREW.PA,FR0010820274,REWORLD MEDIA,Euronext Growth Paris
266,ALRGR.PA,FR0000037640,ROUGIER S.A.,Euronext Growth Paris
267,ALRIB.PA,FR0000075954,RIBER,Euronext Growth Paris
268,ALROC.PA,FR0010523167,ROCTOOL,Euronext Growth Paris
269,ALRPD.PA,GB00BLG2TX24,RAPID NUTRITION,Euronext Growth Paris
270,ALSAF.PA,FR0013467123,SAFE,Euronext Growth Paris
271,ALSAS.PA,FR0000074775,STRADIM ESPAC.FIN,Euronext Growth Paris
272,ALSEI.PA,IT0005353484,SEIF SPA,Euronext Growth Paris
273,ALSEN.PA,FR0012596468,SENSORION,Euronext Growth Paris
274,ALSER.PA,FR0000073728,SERMA GROUP,Euronext Growth Paris
275,ALSGD.PA,FR0011464452,SPINEGUARD,Euronext Growth Paris
276,ALSIM.PA,GB00B19RTX44,KLIMVEST,Euronext Growth Paris
277,ALSPT.PA,FR00140043Y1,SPARTOO,Euronext Growth Paris
278,ALSPW.PA,FR0011398874,SPINEWAY,Euronext Growth Paris
279,ALSTW.PA,FR0010528059,STREAMWIDE,Euronext Growth Paris
280,ALT.OL,IE00BLRPRP89,ALTERNUS ENERGY GR,Euronext Growth Oslo
281,ALTA.PA,FR0000033219,ALTAREA,Euronext Paris
282,ALTAN.PA,FR0000075673,LE TANNEUR,Euronext Growth Paris
283,ALTBG.PA,FR0011053636,THE BLOCKCHAIN GP,Euronext Growth Paris
284,ALTBM.PA,FR0011668821,TOQUES BLANCHES,Euronext Growth Paris
285,ALTER.PA,FR0004197747,THERADIAG,Euronext Growth Paris
286,ALTEV.PA,FR0010278762,ENVEA,Euronext Growth Paris
287,ALTHE.PA,FR0010120402,THERACLION,Euronext Growth Paris
288,ALTHX.PA,FR0013286259,THERANEXUS,Euronext Growth Paris
289,ALTIV.PA,FR0000060949,TIVOLY,Euronext Growth Paris
290,ALTLX.PA,LU0394945660,TOOLUX SANDING,Euronext Growth Paris
291,ALTOO.PA,FR00140062B9,TOOSLA,Euronext Growth Paris
292,ALTR.LS,PTALT0AE0002,ALTRI SGPS,Euronext Lisbon
293,ALTRI.PA,FR0010397901,TRILOGIQ,Euronext Growth Paris
294,ALTRO.PA,FR0004175099,TRONICS,Euronext Growth Paris
295,ALTTI.PA,FR0010383877,TTI,Euronext Growth Paris
296,ALTUR.PA,FR0010395681,ALTUR INVEST.,Euronext Paris
297,ALTUV.PA,FR0013345493,BIO-UV GROUP,Euronext Growth Paris
298,ALTVO.PA,FR0004166197,EVOLIS,Euronext Growth Paris
299,ALTXC.PA,FR0010654087,TXCOM,Euronext Growth Paris
300,ALU10.PA,FR0000079147,U10 CORP,Euronext Growth Paris
301,ALUCI.PA,FR0011884378,LUCIBEL,Euronext Growth Paris
302,ALUCR.PA,FR0011070457,UCAR,Euronext Growth Paris
303,ALUMS.PA,FR0013263878,UMANIS,Euronext Growth Paris
304,ALUNT.PA,FR0012709160,UNITI,Euronext Growth Paris
305,ALUPG.PA,FR0010337865,UPERGY,Euronext Growth Paris
306,ALUVI.PA,FR0011898584,UV GERMI,Euronext Growth Paris
307,ALVAL.PA,FR0013254851,VALBIOTIS,Euronext Growth Paris
308,ALVAP.PA,FR0013419876,KUMULUS VAPE,Euronext Growth Paris
309,ALVDM.PA,FR0004045847,VOYAGEURS DU MONDE,Euronext Growth Paris
310,ALVER.PA,FR0004155240,VERGNET,Euronext Growth Paris
311,ALVET.PA,BE0974387194,THERAVET,Euronext Growth Paris
312,ALVGO.PA,FR0011532225,VOGO,Euronext Growth Paris
313,ALVIA.PA,FR0010326090,VIALIFE,Euronext Growth Paris
314,ALVIV.PA,FR0004029478,VISIATIV,Euronext Growth Paris
315,ALVMG.PA,FR0013481835,VISIOMED GROUP,Euronext Growth Paris
316,ALVU.PA,FR0010766667,VENTE UNIQUE.COM,Euronext Growth Paris
317,ALWEC.PA,FR0013079092,WE.CONNECT,Euronext Growth Paris
318,ALWED.PA,FR0010688440,WEDIA,Euronext Growth Paris
319,ALWF.PA,FR0014000P11,WINFARM,Euronext Growth Paris
320,ALWIT.PA,FR0013143872,WITBE,Euronext Growth Paris
321,ALX.AS,NL0012194724,ALUMEXX N.V.,Euronext Amsterdam
322,AM.PA,FR0014004L86,DASSAULT AVIATION,Euronext Paris
323,AMG.AS,NL0000888691,AMG,Euronext Amsterdam
324,AMPLI.PA,FR0012789667,AMPLITUDE SURGICAL,Euronext Paris
325,AMUN.PA,FR0004125920,AMUNDI,Euronext Paris
326,AMUND.AS,NL0010696704,ALMUNDA PRO NV,Euronext Amsterdam
327,ANDF.OL,NO0010829765,ANDFJORD SALMON,Euronext Growth Oslo
328,ANT.BE,BE0003676872,ANTARES CERT,Euronext Brussels
329,ANTIN.PA,FR0014005AL0,ANTIN INFRA PARTN,Euronext Paris
330,AOW.OL,NO0010890312,AKER OFFSHORE WIND,Euronext Growth Oslo
331,APAM.AS,LU0569974404,APERAM,Euronext Amsterdam
332,APM.PA,KYG6096M1069,APTORUM GROUP CL A,Euronext Paris
333,ARAMI.PA,FR0014003U94,ARAMIS GROUP,Euronext Paris
334,ARCAD.AS,NL0006237562,ARCADIS,Euronext Amsterdam
335,ARDO.PA,FR0004070795,ARDOIN ST AMAND B,Euronext Access Paris
336,AREIT.PA,FR0000039216,ALTAREIT,Euronext Paris
337,ARG.PA,FR0010481960,ARGAN,Euronext Paris
338,ARGEO.OL,NO0010946593,ARGEO,Euronext Growth Oslo
339,ARGX.BE,NL0010832176,ARGENX SE,Euronext Brussels
340,ARTE.PA,FR0012185536,ARTEA,Euronext Paris
341,ARTO.PA,FR0000076952,ARTOIS NOM.,Euronext Paris
342,ASC.BE,BE0003856730,ASCENCIO,Euronext Brussels
343,ASIT.BE,BE0974289218,ASIT,Euronext Brussels
344,ASM.AS,NL0000334118,ASM INTERNATIONAL,Euronext Amsterdam
345,ASML.AS,NL0010273215,ASML HOLDING,Euronext Amsterdam
346,ASP.PA,FR0000076887,A.S.T. GROUPE,Euronext Paris
347,ASRNL.AS,NL0011872643,ASR NEDERLAND,Euronext Amsterdam
348,ASTRO.OL,CH1122548808,ASTROCAST,Euronext Growth Oslo
349,ASY.PA,FR0000074148,ASSYSTEM,Euronext Paris
350,ATA.PA,FR0010478248,ATARI,Euronext Paris
351,ATE.PA,FR0000071946,ALTEN,Euronext Paris
352,ATEB.BE,BE0003837540,ATENOR,Euronext Brussels
353,ATEME.PA,FR0011992700,ATEME,Euronext Paris
354,ATI.PA,FR0000076655,ACTIA GROUP,Euronext Paris
355,ATO.PA,FR0000051732,ATOS,Euronext Paris
356,ATRS.AS,JE00B3DCF752,ATRIUM EUR REALEST,Euronext Amsterdam
357,AUB.PA,FR0000063737,AUBAY,Euronext Paris
358,AUGR.PA,FR0000061780,AUGROS COSMETICS,Euronext Paris
359,AURA.OL,NO0011032310,AURORA EIENDOM,Euronext Growth Oslo
360,AURE.PA,FR0000039232,AUREA,Euronext Paris
361,AURS.PA,FR0013183589,AURES TECHNOLOGIES,Euronext Paris
362,AVT.PA,FR0013529815,AVENIR TELECOM,Euronext Paris
363,AVTX.AS,NL0012047823,AVANTIUM,Euronext Amsterdam
364,AXS.AS,GB00BQQFX454,ACCSYS,Euronext Amsterdam
365,AXW.PA,FR0011040500,AXWAY SOFTWARE,Euronext Paris
366,AYFIE.OL,NO0010793243,AYFIE GROUP,Euronext Growth Oslo
367,AZE.BE,BE0974400328,AZELIS GROUP,Euronext Brussels
368,BACE.AS,KYG137071075,BRIGADE M3 SHA,Euronext Amsterdam
369,BACEU.AS,KYG137071158,BRIGADE M3 UNITS,Euronext Amsterdam
370,BAIN.PA,MC0000031187,BAINS MER MONACO,Euronext Paris
371,BALT.OL,NO0010810476,BALTIC SEA PROP,Euronext Growth Oslo
372,BALTA.BE,BE0974314461,BALTA GROUP,Euronext Brussels
373,BALYO.PA,FR0013258399,BALYO,Euronext Paris
374,BAMNB.AS,NL0000337319,BAM GROEP KON,Euronext Amsterdam
375,BANI.BE,BE0003870871,BANIMMO A,Euronext Brussels
376,BAR.BE,BE0974362940,BARCO,Euronext Brussels
377,BARRA.OL,SGXZ33675836,BARRAMUNDI GROUP,Euronext Growth Oslo
378,BAS.BE,BE0003674851,BASILIX CERT,Euronext Brussels
379,BASS.PA,FR0004023208,BASSAC,Euronext Paris
380,BB.PA,FR0000120966,BIC,Euronext Paris
381,BBED.AS,NL0000339703,BETER BED,Euronext Amsterdam
382,BCART.BE,BE0974281132,BIOCARTIS,Euronext Brussels
383,BCP.LS,PTBCP0AM0015,B.COM.PORTUGUES,Euronext Lisbon
384,BCS.OL,NO0010950249,BERGEN CARBON SOL,Euronext Growth Oslo
385,BEAB.BE,BE0003661726,BEAULIEU-AV. CERT,Euronext Brussels
386,BEFB.BE,BE0003678894,BEFIMMO,Euronext Brussels
387,BEKB.BE,BE0974258874,BEKAERT,Euronext Brussels
388,BELR.BE,BE0020575115,BELRECA,Euronext Brussels
389,BELU.BE,BE0003723377,BELUGA,Euronext Brussels
390,BEN.PA,FR0000035164,BENETEAU,Euronext Paris
391,BERR.PA,FR0000062341,FIN.ETANG BERRE,Euronext Paris
392,BESI.AS,NL0012866412,BE SEMICONDUCTOR,Euronext Amsterdam
393,BEVER.AS,NL0000285278,BEVER HOLDING,Euronext Amsterdam
394,BFISH.OL,NO0010955198,BIOFISH HOLDING,Euronext Growth Oslo
395,BFIT.AS,NL0011872650,BASIC-FIT,Euronext Amsterdam
396,BGHL.AS,GG00B1FQG453,BOUSSARD GAVAUDAN,Euronext Amsterdam
397,BGHS.AS,GG00B39VMM07,BOUSSARD GHL GBP,Euronext Amsterdam
398,BIG.PA,FR0000074072,BIGBEN INTERACTIVE,Euronext Paris
399,BIM.PA,FR0013280286,BIOMERIEUX,Euronext Paris
400,BIRG.IR,IE00BD1RP616,BANK OF IRELAND GP,Euronext Dublin
401,BLC.PA,FR0000035370,BASTIDE LE CONFORT,Euronext Paris
402,BLEE.PA,FR0000062150,BLEECKER,Euronext Paris
403,BLUBT.PA,FR0013480985,BLUELINEA BSA Y,Euronext Growth Paris
404,BLV.PA,FR0014003FE9,BELIEVE,Euronext Paris
405,BN.PA,FR0000120644,DANONE,Euronext Paris
406,BNB.BE,BE0003008019,BQUE NAT. BELGIQUE,Euronext Brussels
407,BNBS.PA,FR0014007951,DRONE VOLT BS26,Euronext Growth Paris
408,BNP.PA,FR0000131104,BNP PARIBAS ACT.A,Euronext Paris
409,BOI.PA,FR0000061129,BOIRON,Euronext Paris
410,BOKA.AS,NL0000852580,BOSKALIS WESTMIN,Euronext Amsterdam
411,BOL.PA,FR0000039299,BOLLORE,Euronext Paris
412,BOLS.AS,NL0010998878,LUCASBOLS,Euronext Amsterdam
413,BON.PA,FR0000063935,BONDUELLE,Euronext Paris
414,BOTHE.BE,BE0974280126,BONE THERAPEUTICS,Euronext Brussels
415,BPOST.BE,BE0974268972,BPOST,Euronext Brussels
416,BPSBS.PA,FR0013507290,BIOPHYTIS BSA,Euronext Growth Paris
417,BRA.OL,NO0010167331,BRABANK,Euronext Growth Oslo
418,BREB.BE,LU1068091351,BREDERODE,Euronext Brussels
419,BRILL.AS,NL0000442523,BRILL KON,Euronext Amsterdam
420,BRNL.AS,NL0010776944,BRUNEL INTERNAT,Euronext Amsterdam
421,BSD.PA,FR0000074254,BOURSE DIRECT,Euronext Paris
422,BSGR.AS,LU1789205884,B&S Group,Euronext Amsterdam
423,BSP.OL,NO0010755101,BLACK SEA PROPERTY,Euronext Growth Oslo
424,BTLS.BE,BE0974386188,BIOTALYS,Euronext Brussels
425,BUI.PA,FR0000062788,BARBARA BUI,Euronext Paris
426,BUR.PA,FR0000061137,BURELLE,Euronext Paris
427,BVI.PA,FR0006174348,BUREAU VERITAS,Euronext Paris
428,BWEK.OL,SGXZ80461361,BW Epic Kosan,Euronext Growth Oslo
429,BWIDL.OL,NO0010947385,BW IDEOL,Euronext Growth Oslo
430,C5H.IR,IE00BWY4ZF18,CAIRN HOMES PLC,Euronext Dublin
431,CA.PA,FR0000120172,CARREFOUR,Euronext Paris
432,CAF.PA,FR0000045528,CRCAM PARIS ET IDF,Euronext Paris
433,CAFO.PA,FR0010151589,CAFOM,Euronext Paris
434,CAMB.BE,BE0003825420,CAMPINE,Euronext Brussels
435,CAMBI.OL,NO0010078850,CAMBI,Euronext Growth Oslo
436,CAN.OL,NO0010781560,CANOPY HOLDINGS,Euronext Growth Oslo
437,CAND.BE,BE0974298300,CANDELA INVEST,Euronext Growth Brussels
438,CAP.PA,FR0000125338,CAPGEMINI,Euronext Paris
439,CAPLI.PA,FR0012969095,CAPELLI,Euronext Paris
440,CAPSL.OL,NO0010923121,CO2 CAPSOL,Euronext Growth Oslo
441,CARBN.OL,NO0010778095,CARBON TRANSITION,Euronext Expand Oslo
442,CARM.PA,FR0010828137,CARMILA,Euronext Paris
443,CARP.PA,FR0000064156,CARPINIENNE PART.,Euronext Paris
444,CAS.PA,FR0000072894,CAST,Euronext Paris
445,CAT31.PA,FR0000045544,CA TOULOUSE 31 CCI,Euronext Paris
446,CATG.PA,FR0010193052,CATANA GROUP,Euronext Paris
447,CATR.PA,US1491231015,CATERPILLAR INC,Euronext Paris
448,CBDG.PA,FR0000079659,CAMBODGE NOM.,Euronext Paris
449,CBE.PA,FR0000045601,ROBERTET CI,Euronext Paris
450,CBOT.PA,FR0010193979,CBO TERRITORIA,Euronext Paris
451,CBR.PA,FR0000045619,ROBERTET CDV 87,Euronext Paris
452,CBSM.PA,FR0006239109,SCBSM,Euronext Paris
453,CCEP.AS,GB00BDCPN049,Coca-ColaEuropacif,Euronext Amsterdam
454,CCN.PA,FR0000044364,CRCAM NORM.SEINE,Euronext Paris
455,CDA.PA,FR0000053324,ALPES (COMPAGNIE),Euronext Paris
456,CDI.PA,FR0000130403,CHRISTIAN DIOR,Euronext Paris
457,CDU.LS,PTCDU0AE0003,CONDURIL,Euronext Access Lisbon
458,CEN.PA,FR0000036675,GROUPE CRIT,Euronext Paris
459,CENER.BE,BE0974303357,CENERGY,Euronext Brussels
460,CFEB.BE,BE0003883031,CFE,Euronext Brussels
461,CFI.PA,FR0000037475,CFI,Euronext Paris
462,CGG.PA,FR0013181864,CGG,Euronext Paris
463,CGGBS.PA,FR0013309614,CGG BSA 1,Euronext Paris
464,CGGBT.PA,FR0013309622,CGG BSA 2,Euronext Paris
465,CGM.PA,FR0000053506,CEGEDIM,Euronext Paris
466,CHSR.PA,FR0000060907,CHAUSSERIA,Euronext Paris
467,CIB.PA,FR0000054322,CIBOX INTER A CTIV,Euronext Paris
468,CIRCA.OL,NO0010917594,CIRCA GROUP,Euronext Growth Oslo
469,CIV.PA,FR0000045213,CRCAM ILLE-VIL.CCI,Euronext Paris
470,CJBS.PA,FR0014007HU2,CROSSJECT BS,Euronext Growth Paris
471,CLA.PA,FR0013426004,CLARANOVA,Euronext Paris
472,CLB.AS,NL0000200384,CORE LABORATORIES,Euronext Amsterdam
473,CLEX.BE,BE0003463685,CUMULEX,Euronext Brussels
474,CMCOM.AS,NL0012747059,CM.COM,Euronext Amsterdam
475,CMO.PA,FR0000045551,CRCAM MORBIHAN CCI,Euronext Paris
476,CNF.PA,FR0000185514,CRCAM NORD CCI,Euronext Paris
477,CNP.PA,FR0000120222,CNP ASSURANCES,Euronext Paris
478,CNV.PA,NL0010949392,CNOVA,Euronext Paris
479,CO.PA,FR0000125585,CASINO GUICHARD,Euronext Paris
480,COBH.BE,BE0003519270,CO.BR.HA,Euronext Growth Brussels
481,COFA.PA,FR0010667147,COFACE,Euronext Paris
482,COFB.BE,BE0003593044,COFINIMMO,Euronext Brussels
483,COH.PA,FR0004031763,COHERIS,Euronext Paris
484,COLR.BE,BE0974256852,COLRUYT,Euronext Brussels
485,COM.PA,FR0000053399,CNIM GROUP,Euronext Paris
486,COMB.BE,BE0003592038,CIE BOIS SAUVAGE,Euronext Brussels
487,COR.LS,PTCOR0AE0006,CORTICEIRA AMORIM,Euronext Lisbon
488,CORRE.IR,NL0015000DY3,CORRE ENERGY B.V.,Euronext Growth Dublin
489,COUR.PA,FR0000065393,COURTOIS,Euronext Paris
490,COV.PA,FR0000064578,COVIVIO,Euronext Paris
491,COVH.PA,FR0000060303,COVIVIO HOTELS,Euronext Paris
492,COX.PA,FR0013018124,NICOX,Euronext Paris
493,CPA.LS,PTCPA0AP0006,COPAM,Euronext Access Lisbon
494,CPA1.AS,KYG2581M1078,CRYSTAL PEAK SHARE,Euronext Amsterdam
495,CPA1W.AS,KYG2581M1151,CRYSTAL PEAK WAR,Euronext Amsterdam
496,CPINV.BE,BE0974273055,CARE PROPERTY INV.,Euronext Brussels
497,CRAP.PA,FR0000044323,CRCAM ALP.PROV.CCI,Euronext Paris
498,CRAV.PA,FR0000185506,CRCAM ATL.VEND.CCI,Euronext Paris
499,CRBN.AS,NL0010583399,CORBION,Euronext Amsterdam
500,CRBP2.PA,FR0010483768,CRCAM BRIE PIC2CCI,Euronext Paris
501,CRG.IR,IE0001827041,CRH PLC ord,Euronext Dublin
502,CRI.PA,FR0000130692,CHARGEURS,Euronext Paris
503,CRLA.PA,FR0010461053,CRCAM LANGUED CCI,Euronext Paris
504,CRLO.PA,FR0000045239,CRCAM LOIRE HTE L.,Euronext Paris
505,CROS.PA,FR0000050395,CROSSWOOD,Euronext Paris
506,CRSU.PA,FR0000045346,CRCAM SUD R.A.CCI,Euronext Paris
507,CRTO.PA,FR0000045304,CRCAM TOURAINE CCI,Euronext Paris
508,CS.PA,FR0000120628,AXA,Euronext Paris
509,CSAM.OL,NO0010894512,CSAM HEALTH GROUP,Euronext Growth Oslo
510,CSNV.PA,FR00140074K5,AXA NV22,Euronext Paris
511,CSS.OL,AU000000CSS3,CLEAN SEAS SEAFOOD,Euronext Growth Oslo
512,CTAC.AS,NL0000345577,CTAC,Euronext Amsterdam
513,CTCA1.AS,NL0015000DC9,CTC ORD SHARES,Euronext Amsterdam
514,CTCT1.AS,NL0015000F09,CTC TREAS SHARES,Euronext Amsterdam
515,CTCW1.AS,NL0015000DD7,CTC WARRANTS,Euronext Amsterdam
516,CTPNV.AS,NL00150006R6,CTP,Euronext Amsterdam
517,CTRG.PA,FR0000064446,CATERING INTL SCES,Euronext Paris
518,CTT.LS,PTCTT0AM0001,CTT CORREIOS PORT,Euronext Lisbon
519,CUR.LS,PTCUR0AP0000,AGUAS DA CURIA,Euronext Access Lisbon
520,CV.PA,BMG9887P1068,ZCI LIMITED,Euronext Paris
521,CYAD.BE,BE0974260896,CELYAD ONCOLOGY,Euronext Brussels
522,CYBBT.PA,FR0013340817,CYBERGUN BSA 2,Euronext Growth Paris
523,CYBK1.PA,FR0013507977,CYBERGUN BSA K1,Euronext Growth Paris
524,CYBKA.PA,FR0013507985,CYBERGUN BSA K2A,Euronext Growth Paris
525,CYBKB.PA,FR0013508009,CYBERGUN BSA K2B,Euronext Growth Paris
526,CYVIZ.OL,NO0010015175,CYVIZ,Euronext Growth Oslo
527,DBG.PA,FR0000053381,DERICHEBOURG,Euronext Paris
528,DBV.PA,FR0010417345,DBV TECHNOLOGIES,Euronext Paris
529,DCACS.AS,GG00BMB5XZ39,DISRUPTIVE CAP SHA,Euronext Amsterdam
530,DCACW.AS,GG00BMB5XY22,DISRUPTIVE CAP WAR,Euronext Amsterdam
531,DD7D.IR,IE0000730808,BANK OF IR NCP STF,Euronext Dublin
532,DD7E.IR,IE0000730790,BANK OF IR NC PREF,Euronext Dublin
533,DD8A.IR,IE0001827264,CRH PLC 5PCCumPref,Euronext Dublin
534,DD8B.IR,IE0001827603,CRH PLC 7PCCumPref,Euronext Dublin
535,DEC.PA,FR0000077919,JC DECAUX SA.,Euronext Paris
536,DECB.BE,BE0003789063,DECEUNINCK,Euronext Brussels
537,DEE.PA,FR0014003G01,DEE TECH SHARES,Euronext Paris
538,DEEW.PA,FR0014003G19,DEE TECH WARRANTS,Euronext Paris
539,DG.PA,FR0000125486,VINCI,Euronext Paris
540,DGB.AS,NL0009169515,DGB GROUP N.V.,Euronext Amsterdam
541,DGE.PA,GB0002374006,DIAGEO,Euronext Paris
542,DGM.PA,FR0012202497,DIAGNOSTIC MEDICAL,Euronext Paris
543,DHG.IR,IE00BJMZDW83,DALATA HOTEL GP.,Euronext Dublin
544,DIE.BE,BE0974259880,D'IETEREN GROUP,Euronext Brussels
545,DIEG.BE,BE0003698124,DIEGEM KENNEDYCERT,Euronext Brussels
546,DIM.PA,FR0013154002,SARTORIUS STED BIO,Euronext Paris
547,DISL.BE,BE0003605160,DISTRI-LAND CERT,Euronext Brussels
548,DKUPL.PA,FR0000062978,DEKUPLE,Euronext Paris
549,DLE.IR,IE0000527006,DATALEX PLC,Euronext Growth Dublin
550,DPA.AS,NL0009197771,DPA GROUP,Euronext Amsterdam
551,DPAM.PA,FR0000065260,DOCK.PETR.AMBES AM,Euronext Paris
552,DPT.PA,FR0000054199,ST DUPONT,Euronext Paris
553,DQ7A.IR,IE00BLRPQQ22,DONEGAL INVESTMENT,Euronext Growth Dublin
554,DSC2.AS,NL00150000S7,DSC2,Euronext Amsterdam
555,DSC2S.AS,NL00150002R5,DSC2 TREAS SHARES,Euronext Amsterdam
556,DSCW1.AS,NL00150000T5,DUTCH STAR C W11,Euronext Amsterdam
557,DSCW2.AS,NL00150000U3,DUTCH STAR C W12,Euronext Amsterdam
558,DSCW3.AS,NL00150000V1,DUTCH STAR C W13,Euronext Amsterdam
559,DSM.AS,NL0000009827,DSM KON,Euronext Amsterdam
560,DSRT.OL,NO0010963275,DESERT CONTROL,Euronext Growth Oslo
561,DSY.PA,FR0014003TT8,DASSAULT SYSTEMES,Euronext Paris
562,DSYNV.PA,FR00140078T7,DASSAULT SYS NV22,Euronext Paris
563,DVD.OL,NO0010955917,DEEP VALUE DRILLER,Euronext Growth Oslo
564,EAM.OL,NO0010607781,EAM SOLAR,Euronext Expand Oslo
565,EAS2P.AS,NL0000345627,EASE2PAY NV,Euronext Amsterdam
566,EBPF.PA,FR0000062507,FIN.ETANG BERRE PF,Euronext Paris
567,EBUS.AS,NL0015000CZ2,EBUSCO HOLDING,Euronext Amsterdam
568,EC.PA,GA0000121459,TOTAL GABON,Euronext Paris
569,ECIT.OL,NO0010939804,ECIT AS B-AKSJER,Euronext Growth Oslo
570,ECMPA.AS,NL0015000K93,EUROCOMMERCIAL,Euronext Amsterdam
571,ECO.OL,NO0010936891,ECOONLINE HOLDING,Euronext Growth Oslo
572,ECONB.BE,BE0974313455,ECONOCOM GROUP,Euronext Brussels
573,ECT.AS,GB00B94QM994,EUROCASTLE INVEST.,Euronext Amsterdam
574,EDEN.PA,FR0010908533,EDENRED,Euronext Paris
575,EDF.PA,FR0010242511,EDF,Euronext Paris
576,EDI.PA,FR0000064404,MEDIA 6,Euronext Paris
577,EDP.LS,PTEDP0AM0009,EDP,Euronext Lisbon
578,EDPR.LS,ES0127797019,EDP RENOVAVEIS,Euronext Lisbon
579,EEM.PA,FR0000035719,ELECT. MADAGASCAR,Euronext Paris
580,EFI.PA,FR0000061475,EURASIA FONC INV,Euronext Paris
581,EFIC1.AS,NL00150006Z9,EFIC1 ORD SHARES,Euronext Amsterdam
582,EFICT.AS,NL00150009J7,EFIC1 TREASURY SH,Euronext Amsterdam
583,EFICW.AS,NL00150007A0,EFIC1 WARRANTS,Euronext Amsterdam
584,EFUEL.OL,DK0061414711,EVERFUEL,Euronext Growth Oslo
585,EG7.IR,IE0003290289,FBD HOLDINGS PLC,Euronext Dublin
586,EGL.LS,PTMEN0AE0005,MOTA ENGIL,Euronext Lisbon
587,EGR.PA,FR0000035784,EVERGREEN,Euronext Paris
588,EHCS.AS,NL0015000K10,EHC ORD SHARES,Euronext Amsterdam
589,EHCT.AS,NL0015000K02,EHC TREAS SHARES,Euronext Amsterdam
590,EHCW.AS,NL0015000K28,EHC WARRANTS,Euronext Amsterdam
591,EIFF.PA,FR0000036816,TOUR EIFFEL,Euronext Paris
592,EKI.PA,FR0011466069,EKINOPS,Euronext Paris
593,EKOP.BE,BE0974380124,EKOPAK,Euronext Brussels
594,EL.PA,FR0000121667,ESSILORLUXOTTICA,Euronext Paris
595,ELABS.OL,NO0010722283,ELLIPTIC LABORATOR,Euronext Growth Oslo
596,ELEC.PA,FR0000031023,ELEC.STRASBOURG,Euronext Paris
597,ELI.BE,BE0003822393,ELIA GROUP,Euronext Brussels
598,ELIMP.OL,NO0010911902,ELEKTROIMPORTØREN,Euronext Growth Oslo
599,ELIOR.PA,FR0011950732,ELIOR GROUP,Euronext Paris
600,ELIS.PA,FR0012435121,ELIS,Euronext Paris
601,ELOP.OL,NO0010864036,ELOP,Euronext Growth Oslo
602,EN.PA,FR0000120503,BOUYGUES,Euronext Paris
603,ENGB.BE,BE0003575835,ROSIER,Euronext Brussels
604,ENGI.PA,FR0010208488,ENGIE,Euronext Paris
605,ENNV.PA,FR0014006U75,BOUYGUES NV22,Euronext Paris
606,ENTPA.AS,NL0015000F82,ENTP ORD SHARES,Euronext Amsterdam
607,ENTPT.AS,NL0015000F90,ENTP TREAS SHARES,Euronext Amsterdam
608,ENTPW.AS,NL0015000FD2,ENTP WARRANTS,Euronext Amsterdam
609,ENVI.AS,NL0015000GX8,ENVIPCO,Euronext Amsterdam
610,ENVIP.OL,NL0015000GX8,ENVIPCO HOLDING,Euronext Growth Oslo
611,ENX.PA,NL0006294274,EURONEXT,Euronext Paris
612,ENXP.LS,NL0006294274,EURONEXT,Euronext Lisbon
613,EO.PA,FR0000121147,FAURECIA,Euronext Paris
614,EOS.PA,FR0000076861,ACTEOS,Euronext Paris
615,EPIC.AS,KYG3166N1060,EPIC Ord Shares,Euronext Amsterdam
616,EPICW.AS,KYG3166N1144,EPIC WARRANTS,Euronext Amsterdam
617,ERA.PA,FR0000131757,ERAMET,Euronext Paris
618,ERF.PA,FR0014000MR3,EUROFINS SCIENT.,Euronext Paris
619,ERFNV.PA,FR0014006O73,EUROFINS SCIE NV22,Euronext Paris
620,ERYP.PA,FR0011471135,ERYTECH PHARMA,Euronext Paris
621,ES.PA,FR0000120669,ESSO,Euronext Paris
622,ESG.AS,NL00150006O3,ESG CORE INVEST,Euronext Amsterdam
623,ESGT.AS,NL00150006Q8,ESG CORE TREAS SHA,Euronext Amsterdam
624,ESGWA.AS,NL00150006P0,ESG CORE WARRANTS,Euronext Amsterdam
625,ESI.PA,FR0004110310,ESI GROUP,Euronext Paris
626,ESON.LS,PTESO0AM0000,ESTORIL SOL N,Euronext Lisbon
627,ESP.AS,NL0009272137,ESPERITE,Euronext Amsterdam
628,ETL.PA,FR0010221234,EUTELSAT COMMUNIC.,Euronext Paris
629,EUCAR.PA,FR0012789949,EUROPCAR MOBILITY,Euronext Paris
630,EUR.PA,FR0000054678,EURO RESSOURCES,Euronext Paris
631,EURN.BE,BE0003816338,EURONAV,Euronext Brussels
632,EURS.PA,FR0000038499,FONCIERE EURIS,Euronext Paris
633,EVS.BE,BE0003820371,EVS BROADC.EQUIPM.,Euronext Brussels
634,EXE.PA,FR0004527638,EXEL INDUSTRIES,Euronext Paris
635,EXM.BE,BE0003808251,EXMAR,Euronext Brussels
636,EXN.PA,FR0014005DA7,EXCLUSIVE NETWORKS,Euronext Paris
637,EXPL.PA,FR0014003AQ4,EXPLOSIFS PROD.CHI,Euronext Paris
638,EXR.IR,IE00BG0HDR01,ENGAGE XR HOLDINGS,Euronext Growth Dublin
639,EXTX.OL,NO0010852213,EXACT THERAPEUTICS,Euronext Growth Oslo
640,FAGR.BE,BE0003874915,FAGRON,Euronext Brussels
641,FALG.PA,FR0011271600,FERMENTALG,Euronext Paris
642,FAST.AS,NL0013654809,FASTNED,Euronext Amsterdam
643,FATL.PA,FR0013455482,FONCIERE ATLAND,Euronext Paris
644,FAUV.PA,FR0000063034,FAUVET GIREL,Euronext Paris
645,FAYE.PA,FR0000031973,FAYENC.SARREGUEMI.,Euronext Paris
646,FBEL.PA,FR0000121857,BEL,Euronext Paris
647,FCMC.PA,FR0000062101,FERM.CAS.MUN.CANNE,Euronext Paris
648,FCP.LS,PTFCP0AM0008,FUT.CLUBE PORTO,Euronext Lisbon
649,FDJ.PA,FR0013451333,FDJ,Euronext Paris
650,FFARM.AS,NL0011832811,FORFARMERS,Euronext Amsterdam
651,FGA.PA,FR0011665280,FIGEAC AERO,Euronext Paris
652,FGR.PA,FR0000130452,EIFFAGE,Euronext Paris
653,FII.PA,FR0000050353,LISI,Euronext Paris
654,FINM.PA,FR0000060824,FINANCIERE MARJOS,Euronext Paris
655,FIPP.PA,FR0000038184,FIPP,Euronext Paris
656,FLEXD.LS,PTFXD0AM0018,FLEXDEAL,Euronext Lisbon
657,FLO.PA,FR0014004X25,GROUPE FLO,Euronext Paris
658,FLOB.BE,BE0003215143,FLORIDIENNE,Euronext Brussels
659,FLOW.AS,NL0011279492,FLOW TRADERS,Euronext Amsterdam
660,FLTR.IR,IE00BWT6H894,FLUTTER ENTERTAIN,Euronext Dublin
661,FLUX.BE,BE0974265945,FLUXYS BELGIUM D,Euronext Brussels
662,FLY.PA,FR0000033409,FONCIERE LYONNAISE,Euronext Paris
663,FLYR.OL,NO0010931900,FLYR,Euronext Growth Oslo
664,FLYRT.OL,NO0011198111,FLYR TR,Euronext Growth Oslo
665,FNAC.PA,FR0011476928,FNAC DARTY,Euronext Paris
666,FNG.BE,BE0974332646,FNG NV,Euronext Brussels
667,FNTS.PA,FR0000035123,FINATIS,Euronext Paris
668,FOAF.PA,SN0000033192,FIN.OUEST AFRICAIN,Euronext Paris
669,FORE.PA,CI0000053161,FORESTIERE EQUAT.,Euronext Paris
670,FORSE.PA,FR0014005SB3,FORSEE POWER,Euronext Paris
671,FOU.BE,BE0003752665,FOUNTAIN,Euronext Brussels
672,FPG.PA,FR0000074197,UNION TECH.INFOR.,Euronext Paris
673,FPN.PA,FR0011277391,SPAC,Euronext Paris
674,FR.PA,FR0013176526,VALEO,Euronext Paris
675,FREY.PA,FR0010588079,FREY,Euronext Paris
676,FTI.PA,GB00BDSFG982,TECHNIPFMC,Euronext Paris
677,FUR.AS,NL00150003E1,FUGRO,Euronext Amsterdam
678,GALIM.PA,FR0000030611,GALIMMO,Euronext Paris
679,GALP.LS,PTGAL0AM0009,GALP ENERGIA-NOM,Euronext Lisbon
680,GAM.PA,FR0000034894,GAUMONT,Euronext Paris
681,GBLB.BE,BE0003797140,GBL,Euronext Brussels
682,GBT.PA,FR0000032526,GUERBET,Euronext Paris
683,GDS.PA,FR0000044471,RAMSAY GEN SANTE,Euronext Paris
684,GEA.PA,FR0000053035,GEA GRENOBL.ELECT.,Euronext Paris
685,GEM.OL,NO0010907744,GREEN MINERALS,Euronext Growth Oslo
686,GENK.BE,BE0003740546,GENK LOGIST. CERT,Euronext Brussels
687,GENX.PA,FR0010501692,GENERIX GROUP,Euronext Paris
688,GEOS.OL,NO0010813843,GOLDEN ENERGY OFF,Euronext Growth Oslo
689,GEPBS.PA,FR0013483047,GEP BSA 2020,Euronext Growth Paris
690,GET.PA,FR0010533075,GETLINK SE,Euronext Paris
691,GFC.PA,FR0010040865,GECINA,Euronext Paris
692,GID.PA,FR0000072373,EGIDE,Euronext Paris
693,GIGA.OL,NO0011013765,GIGANTE SALMON,Euronext Growth Oslo
694,GIMB.BE,BE0003699130,GIMV,Euronext Brussels
695,GJAJ.PA,FR0004010338,GROUPE JAJ,Euronext Paris
696,GL9.IR,IE0000669501,GLANBIA PLC,Euronext Dublin
697,GLE.PA,FR0000130809,SOCIETE GENERALE,Euronext Paris
698,GLINT.LS,PTPAD0AM0007,GLINTT,Euronext Lisbon
699,GLO.PA,FR0000066672,GL EVENTS,Euronext Paris
700,GLPG.AS,BE0003818359,GALAPAGOS,Euronext Amsterdam
701,GNE.PA,US3696043013,GENERAL ELECTRIC,Euronext Paris
702,GNFT.PA,FR0004163111,GENFIT,Euronext Paris
703,GNP.OL,NO0010886013,GNP ENERGY,Euronext Growth Oslo
704,GNRO.PA,CH0308403085,GENEURO,Euronext Paris
705,GOE.PA,FR0000062671,GROUPE GORGE,Euronext Paris
706,GOJXN.AS,NL0000430106,GEOJUNXION,Euronext Amsterdam
707,GPA.LS,PTGPA0AP0007,IMOB.C GRAO PARA,Euronext Lisbon
708,GPE.PA,FR0010214064,GPE GROUP PIZZORNO,Euronext Paris
709,GREEN.BE,BE0003765790,GREENYARD,Euronext Brussels
710,GREV.PA,FR0000037970,MUSEE GREVIN,Euronext Paris
711,GRONG.OL,NO0010636491,GRONG SPAREBANK,Euronext Growth Oslo
712,GRP.IR,IE00BF2NR112,GREENCOAT REN.,Euronext Growth Dublin
713,GRVO.PA,FR0000065971,GRAINES VOLTZ,Euronext Paris
714,GRW.IR,GB00BY7QYJ50,MOLTEN VENTURES,Euronext Dublin
715,GTBP.PA,US36254L2097,GT BIOPHARMA INC,Euronext Paris
716,GTT.PA,FR0011726835,GTT,Euronext Paris
717,GUI.PA,FR0000066722,GUILLEMOT,Euronext Paris
718,GUI1.IR,GB0002374006,DIAGEO PLC,Euronext Dublin
719,GV.PA,FR0011799907,GENOMIC VISION,Euronext Paris
720,GVOLT.LS,PTGNV0AM0001,GREENVOLT,Euronext Lisbon
721,GVR.IR,IE00BD6JX574,GLENVEAGH PROP.PLC,Euronext Dublin
722,GYQ.IR,GB0031477770,FD TECHNOLOGIES,Euronext Growth Dublin
723,HAL.AS,BMG455841020,HAL TRUST,Euronext Amsterdam
724,HAMO.BE,BE0974352842,HAMON,Euronext Brussels
725,HAUTO.OL,NO0011082075,HÖEGH AUTOLINERS,Euronext Growth Oslo
726,HAV.OL,NO0010931918,HAV GROUP,Euronext Growth Oslo
727,HBCN.IR,IE00014QAJZ5,HEALTHBEACON SHA,Euronext Growth Dublin
728,HBRN.IR,IE00BGHQ1986,HIBERNIA REIT PLC,Euronext Dublin
729,HCO.PA,FR0000054231,HIGH CO,Euronext Paris
730,HDF.PA,FR0014003VY4,HDF,Euronext Paris
731,HDG.AS,ANN4327C1220,HUNTER DOUGLAS,Euronext Amsterdam
732,HDLY.OL,NO0010776990,HUDDLY,Euronext Growth Oslo
733,HDP.PA,FR0004165801,HOTELS DE PARIS,Euronext Paris
734,HEGA.AS,KYG4406A1022,HEDOSOPHIA ORD SHA,Euronext Amsterdam
735,HEGAU.AS,KYG4406A1287,HEDOSOPHIA UNITS,Euronext Amsterdam
736,HEGAW.AS,KYG4406A1105,HEDOSOPHIA WARRANT,Euronext Amsterdam
737,HEIA.AS,NL0000009165,HEINEKEN,Euronext Amsterdam
738,HEIJM.AS,NL0009269109,HEIJMANS,Euronext Amsterdam
739,HEIO.AS,NL0000008977,HEINEKEN HOLDING,Euronext Amsterdam
740,HEXA.PA,FR0004159473,HEXAOM,Euronext Paris
741,HKY.OL,NO0011045429,HAVILA KYSTRUTEN,Euronext Growth Oslo
742,HMONY.OL,NO0010921299,HARMONYCHAIN,Euronext Growth Oslo
743,HMSO.IR,GB00BK7YQK64,HAMMERSON PLC,Euronext Dublin
744,HO.PA,FR0000121329,THALES,Euronext Paris
745,HOC.OL,NO0010781818,HOUSE OF CONTROL,Euronext Growth Oslo
746,HOLCO.AS,NL0000440311,HOLLAND COLOURS,Euronext Amsterdam
747,HOLN.PA,CH0012214059,Holcim Ltd,Euronext Paris
748,HOMI.BE,BE0003760742,HOME INVEST BE.,Euronext Brussels
749,HOP.PA,FR0000065278,HOPSCOTCH GROUPE,Euronext Paris
750,HPUR.OL,NO0010904923,HEXAGON PURUS,Euronext Growth Oslo
751,HRGI.OL,NO0010917339,HORISONT ENERGI,Euronext Growth Oslo
752,HSHIP.OL,BMG4660A1036,HIMALAYA SHIPPING,Euronext Growth Oslo
753,HSW.IR,GB00BYYN4225,HOSTELWORLD GROUP,Euronext Dublin
754,HUDL.OL,NO0010859648,HUDDLESTOCK FINTEC,Euronext Growth Oslo
755,HUNDP.AS,ANN4327C1303,HUNTER DOUGLAS,Euronext Amsterdam
756,HUNT.OL,NO0010283211,HUNTER GROUP,Euronext Expand Oslo
757,HYDRA.AS,NL0009391242,HYDRATEC,Euronext Amsterdam
758,HYL.BE,BE0974363955,HYLORIS,Euronext Brussels
759,HYN.OL,NO0010920945,HYNION,Euronext Growth Oslo
760,HYPRO.OL,NO0010892359,HYDROGENPRO,Euronext Growth Oslo
761,HYSG.BE,GB00BYN5BY03,HYBRID SOFTWARE GR,Euronext Brussels
762,I2PO.PA,FR0014004J15,I2PO SHARES,Euronext Paris
763,I2POW.PA,FR0014004JF6,I2PO WARRANTS,Euronext Paris
764,IAM.PA,MA0000011488,MAROC TELECOM,Euronext Paris
765,IBAB.BE,BE0003766806,IBA,Euronext Brussels
766,ICAD.PA,FR0000035081,ICADE,Euronext Paris
767,ICEGR.OL,NO0010734742,ICE GROUP,Euronext Expand Oslo
768,IDIP.PA,FR0000051393,IDI,Euronext Paris
769,IDL.PA,FR0010929125,ID LOGISTICS GROUP,Euronext Paris
770,IEP.BE,BE0003748622,IEP INVEST,Euronext Brussels
771,IEX.AS,NL0010556726,IEX GROUP NV,Euronext Amsterdam
772,IFISH.OL,NO0010884794,ICE FISH FARM,Euronext Growth Oslo
773,IGE.PA,FR0000030827,IGE + XAO,Euronext Paris
774,IL0A.IR,IE00BWB8X525,PERM. TSB GP. HOLD,Euronext Dublin
775,IMCD.AS,NL0010801007,IMCD,Euronext Amsterdam
776,IMDA.PA,FR0000033243,IMMOB.DASSAULT,Euronext Paris
777,IMMO.BE,BE0003599108,IMMOBEL,Euronext Brussels
778,IMMOU.BE,BE0003893139,IMMO MOURY,Euronext Brussels
779,INA.LS,PTINA0AP0008,INAPA-INV.P.GESTAO,Euronext Lisbon
780,INCLU.BE,BE0974374069,INCLUSIO SA/NV,Euronext Brussels
781,INDCT.OL,NO0010536048,INDUCT,Euronext Growth Oslo
782,INEA.PA,FR0010341032,FONCIERE INEA,Euronext Paris
783,INF.PA,FR0000071797,INFOTEL,Euronext Paris
784,INFE.PA,FR0000066219,INDLE FIN.ENTREPR.,Euronext Paris
785,INGA.AS,NL0011821202,ING GROEP N.V.,Euronext Amsterdam
786,INPHI.AS,NL0000009322,PHILIPS BUY BACK,Euronext Amsterdam
787,INPST.AS,LU2290522684,INPOST,Euronext Amsterdam
788,INSTA.OL,NO0010762792,INSTABANK,Euronext Growth Oslo
789,INTER.AS,NL0010937058,INTERTRUST,Euronext Amsterdam
790,INTO.BE,BE0003746600,INTERVEST OFF-WARE,Euronext Brussels
791,IPH.PA,FR0010331421,INNATE PHARMA,Euronext Paris
792,IPN.PA,FR0010259150,IPSEN,Euronext Paris
793,IPS.PA,FR0000073298,IPSOS,Euronext Paris
794,IPSNV.PA,FR00140078W1,IPSOS NV22,Euronext Paris
795,IR5B.IR,IE00BLP58571,IRISH CONT. GP.,Euronext Dublin
796,IRD.PA,FR0000124232,GROUPE IRD,Euronext Paris
797,IRES.IR,IE00BJ34P519,IRISH RES. PROP.,Euronext Dublin
798,ISLAX.OL,NO0010724701,ICELANDIC SALMON,Euronext Growth Oslo
799,ITE.PA,FR0004026151,ITESOFT,Euronext Paris
800,ITP.PA,FR0004024222,INTERPARFUMS,Euronext Paris
801,ITXT.PA,FR0000064958,INTEXA,Euronext Paris
802,IVA.PA,FR0013233012,INVENTIVA,Euronext Paris
803,IWS.OL,NO0010955883,INTEGRATED WIND SO,Euronext Growth Oslo
804,JBOG.PA,FR0012872141,JACQUES BOGART,Euronext Paris
805,JCQ.PA,FR0000033904,JACQUET METALS,Euronext Paris
806,JDEP.AS,NL0014332678,JDE PEET'S,Euronext Amsterdam
807,JEN.BE,BE0003858751,JENSEN-GROUP,Euronext Brussels
808,KAL.OL,NO0010874597,KALERA,Euronext Growth Oslo
809,KBC.BE,BE0003565737,KBC,Euronext Brussels
810,KBCA.BE,BE0003867844,KBC ANCORA,Euronext Brussels
811,KENDR.AS,NL0000852531,KENDRION,Euronext Amsterdam
812,KER.PA,FR0000121485,KERING,Euronext Paris
813,KEYW.BE,BE0003880979,KEYWARE TECH.,Euronext Brussels
814,KIN.BE,BE0974274061,KINEPOLIS GROUP,Euronext Brussels
815,KING.OL,NL00150001S5,THE KINGFISH COMP,Euronext Growth Oslo
816,KMR.IR,IE00BDC5DG00,KENMARE RESOURCES,Euronext Dublin
817,KOF.PA,FR0004007813,KAUFMAN ET BROAD,Euronext Paris
818,KORI.PA,FR0010386334,KORIAN,Euronext Paris
819,KPN.AS,NL0000009082,KPN KON,Euronext Amsterdam
820,KRAB.OL,NO0010815103,KRAFT BANK,Euronext Growth Oslo
821,KRX.IR,IE0004927939,KINGSPAN GROUP PLC,Euronext Dublin
822,KRZ.IR,IE0004906560,KERRY GROUP PLC,Euronext Dublin
823,KYOTO.OL,NO0010936750,KYOTO GROUP,Euronext Growth Oslo
824,LACR.PA,FR0000066607,LACROIX GROUP,Euronext Paris
825,LAT.PA,FR0000032278,LATECOERE,Euronext Paris
826,LBIRD.PA,FR0000038242,LUMIBIRD,Euronext Paris
827,LBON.PA,FR0000121295,LEBON,Euronext Paris
828,LEBL.PA,FR0000065930,FONCIERE 7 INVEST,Euronext Paris
829,LFDE.PA,FR0013030152,FRANCAISE ENERGIE,Euronext Paris
830,LI.PA,FR0000121964,KLEPIERRE,Euronext Paris
831,LIFE.OL,NO0010591191,LIFECARE,Euronext Growth Oslo
832,LIG.LS,PTLIG0AE0002,LISGRAFICA,Euronext Lisbon
833,LIGHT.AS,NL0011821392,SIGNIFY NV,Euronext Amsterdam
834,LIN.PA,FR0004156297,LINEDATA SERVICES,Euronext Paris
835,LIT.LS,PTLIT0AE0005,LITHO FORMAS,Euronext Access Lisbon
836,LNA.PA,FR0004170017,LNA SANTE,Euronext Paris
837,LOCAL.PA,FR00140006O9,SOLOCAL GROUP,Euronext Paris
838,LOTB.BE,BE0003604155,LOTUS BAKERIES,Euronext Brussels
839,LOUP.PA,FR0013204336,LDC,Euronext Paris
840,LPE.PA,FR0006864484,LAURENT-PERRIER,Euronext Paris
841,LR.PA,FR0010307819,LEGRAND,Euronext Paris
842,LSS.PA,FR0000065484,LECTRA,Euronext Paris
843,LSSNV.PA,FR00140078U5,LECTRA NV22,Euronext Paris
844,LTA.PA,FR0000053837,ALTAMIR,Euronext Paris
845,LUCBS.PA,FR0013525953,LUCIBEL BS,Euronext Growth Paris
846,LUMI.OL,NO0010927288,LUMI GRUPPEN,Euronext Growth Oslo
847,LVIDE.AS,NL0010545679,LAVIDE HOLDING,Euronext Amsterdam
848,LYS.PA,FR0013233475,LYSOGENE,Euronext Paris
849,LYTIX.OL,NO0010405780,LYTIX BIOPHARMA,Euronext Growth Oslo
850,MAAT.PA,FR0012634822,MAAT PHARMA,Euronext Paris
851,MAJ.AS,LU2382956378,MAJOREL GROUP LUX,Euronext Amsterdam
852,MALT.PA,FR0000030074,MALTERIES FCO-BEL.,Euronext Paris
853,MAN.PA,FR0000032302,MANUTAN INTL,Euronext Paris
854,MAR.LS,PTMFR0AM0003,MARTIFER,Euronext Lisbon
855,MAREL.AS,IS0000000388,MAREL,Euronext Amsterdam
856,MAS.OL,NO0010974983,MÅSØVAL,Euronext Growth Oslo
857,MASBS.PA,FR0013472446,MASTRAD BS29,Euronext Growth Paris
858,MAU.PA,FR0000051070,MAUREL ET PROM,Euronext Paris
859,MBWBT.PA,FR0013404944,MBWS BSA 2022,Euronext Paris
860,MBWS.PA,FR0000060873,MBWS,Euronext Paris
861,MBWSZ.PA,FR0013066313,MBWS BSAR 2023,Euronext Paris
862,MC.PA,FR0000121014,LVMH,Euronext Paris
863,MCC.BE,BE0974287196,IMMO MCC,Euronext Brussels
864,MCP.LS,PTGMC0AM0003,MEDIA CAPITAL,Euronext Lisbon
865,MCPHY.PA,FR0011742329,MCPHY ENERGY,Euronext Paris
866,MDM.PA,FR0013153541,MAISONS DU MONDE,Euronext Paris
867,MDXH.BE,BE0003844611,MDXHEALTH,Euronext Brussels
868,MEDCL.PA,FR0004065605,MEDINCELL,Euronext Paris
869,MELE.BE,BE0165385973,MELEXIS,Euronext Brussels
870,MEMS.PA,FR0010298620,MEMSCAP REGPT,Euronext Paris
871,MERY.PA,FR0010241638,MERCIALYS,Euronext Paris
872,METEX.PA,FR0004177046,METABOLIC EXPLORER,Euronext Paris
873,MF.PA,FR0000121204,WENDEL,Euronext Paris
874,MIKO.BE,BE0003731453,MIKO,Euronext Brussels
875,MIO.IR,IE00BD64C665,MINCON GROUP PLC,Euronext Growth Dublin
876,MITRA.BE,BE0974283153,MITHRA,Euronext Brussels
877,MKEA.PA,FR0010609263,MAUNA KEA TECH,Euronext Paris
878,ML.PA,FR0000121261,MICHELIN,Euronext Paris
879,ML350.PA,FR0012395457,RAPIDO PRET,Euronext Access Paris
880,MLAA.PA,FR0014005WE9,AGENCE AUTO,Euronext Access Paris
881,MLAAE.PA,FR0010781377,CAIRE,Euronext Access Paris
882,MLAAH.PA,NL0010273694,AMATHEON AGRI,Euronext Access Paris
883,MLAAT.PA,PTAZR0AM0006,AZOREAN TECH,Euronext Access Paris
884,MLABC.PA,ES0105551008,IGIS NEPTUNE,Euronext Access Paris
885,MLABO.PA,FR0010621722,TOUTABO,Euronext Access Paris
886,MLACT.PA,FR0010979377,ACTIVIUM GROUP,Euronext Access Paris
887,MLAEM.PA,FR0012968485,ASHLER ET MANSON,Euronext Access Paris
888,MLAGI.PA,FR0011908045,AG3I,Euronext Access Paris
889,MLAGP.PA,ES0105478004,AGP MALAGA SOCIMI,Euronext Access Paris
890,MLAHC.PA,FR0013251584,HEALTH,Euronext Access Paris
891,MLAIM.PA,FR0013285103,AIR MARINE,Euronext Access Paris
892,MLAIR.PA,FR0014003V77,AIRWELL,Euronext Access Paris
893,MLALE.PA,GB00BJ9M4V82,ALEPH FINANCE,Euronext Access Paris
894,MLALV.PA,FR0013253812,ALVEEN,Euronext Access Paris
895,MLAMY.PA,FR0013268067,MLD,Euronext Access Paris
896,MLARD.PA,FR0005057635,ARDOIN ST AMAND A,Euronext Access Paris
897,MLARI.PA,ES0105601001,ARIMELIA ITG,Euronext Access Paris
898,MLARO.PA,ES0105486007,AROCA DEL PINAR,Euronext Access Paris
899,MLATV.PA,FR0010050773,A TOUTE VITESSE,Euronext Access Paris
900,MLAUD.PA,FR0011896463,AUDIENCE LABS,Euronext Access Paris
901,MLAZL.PA,IT0004812258,AZ LEASING,Euronext Access Paris
902,MLBAR.PA,ES0105362000,BARINGS CORE SPAIN,Euronext Access Paris
903,MLBAT.PA,FR0010436170,BATLA MINERALS,Euronext Access Paris
904,MLBBO.PA,CH1148983609,BEBO HEALTH,Euronext Access Paris
905,MLBMD.PA,CH0451123589,BEACONSMIND,Euronext Access Paris
906,MLBSP.PA,FR0013340973,BLUE SHARK POWER,Euronext Access Paris
907,MLC.IR,IE00BVGC3741,MALIN CORP. PLC,Euronext Growth Dublin
908,MLCAC.PA,FR0006205019,LOMBARD ET MEDOT,Euronext Access Paris
909,MLCAN.PA,ES0105586004,EUROLOG CANOLA,Euronext Access Paris
910,MLCAS.PA,FR0014003RM7,GROUPE CASOL,Euronext Access Paris
911,MLCEC.PA,FR0010717579,CECURITY.COM,Euronext Access Paris
912,MLCFD.PA,FR0000037871,CH.FER DEPARTEMENT,Euronext Access Paris
913,MLCFM.PA,MC0010000826,CFM INDOSUEZWEALTH,Euronext Access Paris
914,MLCHE.PA,FR0010447086,CHEOPS TECHNOLOGY,Euronext Access Paris
915,MLCIO.PA,FR0012384907,CIOA,Euronext Access Paris
916,MLCLI.PA,FR0011092089,MAISON CLIO BLUE,Euronext Access Paris
917,MLCLP.PA,FR0010959684,COLIPAYS,Euronext Access Paris
918,MLCMB.PA,FR0000060428,CIE DU MONT BLANC,Euronext Access Paris
919,MLCMG.PA,FR0013406881,GRECEMAR,Euronext Access Paris
920,MLCMI.PA,FR0010972091,SCEMI,Euronext Access Paris
921,MLCNT.PA,FR0000077828,CONSORT NT,Euronext Access Paris
922,MLCOR.PA,FR0010035816,COREP LIGHTING,Euronext Access Paris
923,MLCOU.PA,FR0004998318,COURBET,Euronext Access Paris
924,MLCSA.PA,IT0005402034,CESYNT A SHARES,Euronext Access Paris
925,MLCSB.PA,IT0005398877,CESYNT B SHARES,Euronext Access Paris
926,MLCVG.PA,FR0000051567,CH.FER VAR GARD N.,Euronext Access Paris
927,MLDAM.PA,FR0000077885,DAMARIS,Euronext Access Paris
928,MLDYH.PA,SE0007045380,DESIGN YOUR HOME,Euronext Access Paris
929,MLDYN.PA,FR0000052920,DYNAFOND,Euronext Access Paris
930,MLDYX.PA,LU0881232630,DYNEX ENERGY SA,Euronext Access Paris
931,MLEAS.PA,HK0000038783,EASSON HOLDINGS,Euronext Access Paris
932,MLEAV.PA,FR0010536185,EAVS,Euronext Access Paris
933,MLECE.PA,ES0105553004,FAIFEY INVEST,Euronext Access Paris
934,MLECO.PA,DE000A0XYM45,ECOLUTIONS,Euronext Access Paris
935,MLEDR.PA,FR0007200100,EAUX DE ROYAN,Euronext Access Paris
936,MLEDS.PA,FR0000052755,EDITIONS DU SIGNE,Euronext Access Paris
937,MLEDU.PA,FR0010439265,EDUNIVERSAL,Euronext Access Paris
938,MLEES.PA,FR0010945733,EES,Euronext Access Paris
939,MLERO.PA,FR0010157115,EUROLAND CORPORATE,Euronext Access Paris
940,MLETA.PA,FR0010492181,METALLIANCE,Euronext Access Paris
941,MLEVE.PA,FR0000044745,EVERSET,Euronext Access Paris
942,MLFDV.PA,FR0012300424,FD,Euronext Access Paris
943,MLFIR.PA,CH0120879058,FIRSTCAUTION,Euronext Access Paris
944,MLFMV.LS,PTFNV1AM0002,FARMINVESTE,Euronext Access Lisbon
945,MLFNP.PA,FR0013230067,FNPTECHNOLOGIESSA,Euronext Access Paris
946,MLFSG.PA,FR0013222346,FRANCE SOIR GROUPE,Euronext Access Paris
947,MLFTI.PA,FR0010823724,FRANCE TOURISME,Euronext Access Paris
948,MLFXO.PA,FR0010487272,FINAXO,Euronext Access Paris
949,MLGAI.PA,FR0000053415,G.A.I.,Euronext Access Paris
950,MLGAL.PA,FR0011100759,GALEO,Euronext Access Paris
951,MLGDI.PA,LU1840650458,GUANDAO PUER INVES,Euronext Access Paris
952,MLGEQ.PA,PTGVE1AE0009,GENTLEMENS EQUITY,Euronext Access Paris
953,MLGML.PA,FR0013371507,GOUR MEDICAL,Euronext Access Paris
954,MLGRC.PA,FR0000076960,GROUPE CARNIVOR,Euronext Access Paris
955,MLHAY.PA,ES0105498002,HEALTHCARE ACTIVOS,Euronext Access Paris
956,MLHBB.PA,FR0000051302,HOCHE BAINS L.BAIN,Euronext Access Paris
957,MLHCF.PA,FR0012336691,HOME CONCEPT,Euronext Access Paris
958,MLHIN.PA,FR0006563904,HOTL.IMMOB.NICE,Euronext Access Paris
959,MLHK.PA,DE000A11Q133,HK,Euronext Access Paris
960,MLHMC.PA,FR0006226791,HOT.MAJESTIC CANNE,Euronext Access Paris
961,MLHOP.PA,FR0006823092,PART.INDLES MINI.,Euronext Access Paris
962,MLHOT.PA,FR0000053738,HOTELIM,Euronext Access Paris
963,MLHPE.PA,FR0010312181,HOPENING,Euronext Access Paris
964,MLHPI.PA,FR0014000U63,HOPIUM,Euronext Access Paris
965,MLHYD.PA,FR0000064735,HYDRAULIQUE PB,Euronext Access Paris
966,MLHYE.PA,FR0005843125,HYDRO-EXPLOIT.,Euronext Access Paris
967,MLIDP.PA,GB00BT9PTW34,INNOVADERMA PLC,Euronext Access Paris
968,MLIDS.PA,FR0000079691,IDS,Euronext Access Paris
969,MLIFC.PA,FR0011158823,INFOCLIP,Euronext Access Paris
970,MLIFS.PA,ES0105590006,IMPULSE FITNESS,Euronext Access Paris
971,MLIML.PA,FR0010086371,IMALLIANCE,Euronext Access Paris
972,MLIMP.PA,FR0000065773,IMPRIMERIE CHIRAT,Euronext Access Paris
973,MLINM.PA,ES0105511002,INMARK,Euronext Access Paris
974,MLINT.PA,ES0105479002,IANTE INVESTMENTS,Euronext Access Paris
975,MLIOC.PA,BE6200101556,IOC HOLDING,Euronext Access Paris
976,MLIPO.PA,ES0105417002,IPOSA PROPERTIES,Euronext Access Paris
977,MLIPP.PA,FR0006859039,IMM.PARIS.PERLE,Euronext Access Paris
978,MLIRF.PA,IT0005391161,INNOVATIVE RFK SPA,Euronext Access Paris
979,MLISP.PA,ES0105473005,INMOSUPA,Euronext Access Paris
980,MLITN.PA,IT0005336521,ITALY INNOVAZIONI,Euronext Access Paris
981,MLJDL.PA,ES0105550000,RES GESTAE SOCIMI,Euronext Access Paris
982,MLJSA.PA,FR0010680033,JSA TECHNOLOGY,Euronext Access Paris
983,MLKTS.LS,ES0105536009,KTESIOS REAL ESTAT,Euronext Access Lisbon
984,MLLAB.PA,IT0005324105,MEDIA LAB,Euronext Access Paris
985,MLLCB.PA,FR00140007I9,CONSTRUCTEURS BOIS,Euronext Access Paris
986,MLLOG.PA,ES0105333001,LOGIS CONFORT,Euronext Access Paris
987,MLLOI.PA,FR0004155208,LOCASYSTEM INTL,Euronext Access Paris
988,MLM24.LS,PTMUS0AM0018,MULTI 24,Euronext Access Lisbon
989,MLMAB.PA,FR0000061657,MAIS.ANTOINE BAUD,Euronext Access Paris
990,MLMAD.PA,FR0010328302,MADE,Euronext Access Paris
991,MLMAQ.PA,ES0105447009,MAQ ADMON. URBANAS,Euronext Access Paris
992,MLMAT.PA,CI0000000832,SIMAT,Euronext Access Paris
993,MLMCE.PA,IT0004844848,MEDIOCREDITO EUROP,Euronext Access Paris
994,MLMFI.PA,BE6252013725,CONDOR TECHNOLOG,Euronext Access Paris
995,MLMGL.PA,FR0010827741,MAGILLEM,Euronext Access Paris
996,MLMIB.PA,BE0974328602,METRICS IN BALANCE,Euronext Access Paris
997,MLMIV.PA,ES0105559001,MERIDIA RE IV,Euronext Access Paris
998,MLMON.PA,FR0010882886,MONFINANCIER,Euronext Access Paris
999,MLMR.LS,PTMNN0AE0006,MONUMENTAL RES,Euronext Access Lisbon
1000,MLMTD.PA,FR0010518936,MTD FINANCE,Euronext Access Paris
1001,MLMUL.PA,FR0012990968,MULANN,Euronext Access Paris
1002,MLNDG.PA,ES0105537007,GLOBAL PIELAGO,Euronext Access Paris
1003,MLNEO.PA,FR0004157543,NEOCOM MULTIMEDIA,Euronext Access Paris
1004,MLNEU.BE,BE0003680916,NEUFCOUR-FIN.,Euronext Access Brussels
1005,MLNMA.PA,FR0010500363,MIGUET ET ASSOCIES,Euronext Access Paris
1006,MLNOV.PA,FR0000185464,NOVATECH IND.,Euronext Access Paris
1007,MLOCT.PA,FR0013310281,OCTOPUS BIOSAFETY,Euronext Access Paris
1008,MLOEX.PA,FR0013266772,ONE EXPERIENCE,Euronext Access Paris
1009,MLONE.PA,FR0010106039,BODY ONE,Euronext Access Paris
1010,MLONL.PA,FR0004174712,ONLINEFORMAPRO,Euronext Access Paris
1011,MLORB.PA,ES0105490009,ORBIS PROPERTIES,Euronext Access Paris
1012,MLORE.LS,PTOTP0AM0004,OLIMPO REAL ESTATE,Euronext Access Lisbon
1013,MLORQ.PA,ES0105534004,ORINOQUIA,Euronext Access Paris
1014,MLOSA.PA,FR0013072741,O SORBET D AMOUR,Euronext Access Paris
1015,MLPAC.PA,FR0000077992,PACTE NOVATION,Euronext Access Paris
1016,MLPAP.PA,FR0014003I41,LES AGENCES DE PAP,Euronext Access Paris
1017,MLPER.PA,ES0105612008,PERSEIDA RENTA,Euronext Access Paris
1018,MLPHO.PA,BE0948608451,PHOTONIKE CAPITAL,Euronext Access Paris
1019,MLPHW.PA,FR0000185480,PHONE WEB,Euronext Access Paris
1020,MLPLC.PA,FR0000030769,PLACOPLATRE,Euronext Access Paris
1021,MLPRI.PA,FR0000061376,PROP.IMMEUBLES,Euronext Access Paris
1022,MLPRO.PA,CA74375L1058,PROVENTURE GOLD,Euronext Access Paris
1023,MLPRX.PA,NL0012650535,PARX MATERIALS NV,Euronext Access Paris
1024,MLPSH.PA,FR0011040690,TPSH,Euronext Access Paris
1025,MLPVG.PA,FR0010529719,GROUPE PLUS-VALUES,Euronext Access Paris
1026,MLREX.PA,FR0000077232,REVIVAL EXPANSION,Euronext Access Paris
1027,MLROU.PA,FR0000035750,ROUSSELET CENTRIF.,Euronext Access Paris
1028,MLRSR.LS,ES0105505004,RSR SINGULAR,Euronext Access Lisbon
1029,MLRZE.LS,PTRIZ0AM0009,RAIZE,Euronext Access Lisbon
1030,MLSBT.PA,FR0004175222,SBT,Euronext Access Paris
1031,MLSCH.PA,FR0010961920,SCHOBRUNN PARIS,Euronext Access Paris
1032,MLSCI.PA,ES0105592002,SCIENTIA SCHOOL,Euronext Access Paris
1033,MLSDN.PA,FR0013155975,SAVONNERIE NYONS,Euronext Access Paris
1034,MLSEQ.PA,NL0010623518,SEQUA PETROLEUM NV,Euronext Access Paris
1035,MLSFI.PA,FR00140066X4,GROUP SFIT,Euronext Access Paris
1036,MLSHD.PA,CH0220529603,SCANDINAVIAN HOUSE,Euronext Access Paris
1037,MLSIL.PA,FR0010679365,SILC,Euronext Access Paris
1038,MLSKN.PA,GB00BF553726,MICROSKIN,Euronext Access Paris
1039,MLSML.PA,FR0011131788,SMALTO,Euronext Access Paris
1040,MLSMP.PA,IT0005072811,SEMPLICEMENTE SpA,Euronext Access Paris
1041,MLSRP.PA,FR0000054371,SPEED RABBIT PIZZA,Euronext Access Paris
1042,MLSTR.PA,FR0000063976,STREIT MECANIQUE,Euronext Access Paris
1043,MLSUM.PA,GB00B8GJBS16,SUMO RESOURCES PLC,Euronext Access Paris
1044,MLTEA.PA,FR0000033466,TEAM,Euronext Access Paris
1045,MLTRA.PA,FR0000031866,TRAMWAYS DE ROUEN,Euronext Access Paris
1046,MLTRO.PA,FR0000031106,TROC ILE,Euronext Access Paris
1047,MLTV.BE,BE0974370026,CHOICE,Euronext Access Brussels
1048,MLUMG.PA,FR0011776889,UMALIS GROUP,Euronext Access Paris
1049,MLUMH.PA,FR0005783503,UNI.METALG.HT-SEI.,Euronext Access Paris
1050,MLV4S.PA,BE6201089735,LV4S,Euronext Access Paris
1051,MLVAL.PA,FR0012833770,VALONEO,Euronext Access Paris
1052,MLVER.PA,FR0006174496,VERNEY CARRON,Euronext Access Paris
1053,MLVIE.PA,FR0014003FN0,INTEGRITAS VIAGER,Euronext Access Paris
1054,MLVIN.PA,FR0011605617,FONCIERE VINDI,Euronext Access Paris
1055,MLVIS.PA,FR0010033480,VISIO NERF,Euronext Access Paris
1056,MLVRE.PA,ES0105623005,VANDOR REAL ESTATE,Euronext Access Paris
1057,MLVRF.PA,ES0105492005,VREF SEVILLE,Euronext Access Paris
1058,MLVST.PA,FR0011076595,TELEVISTA,Euronext Access Paris
1059,MLWEA.PA,FR0010688465,WEACCESS GROUP,Euronext Access Paris
1060,MLWEL.PA,FR0004152700,WELL,Euronext Access Paris
1061,MLWEY.PA,FR0010768770,WEYA,Euronext Access Paris
1062,MLWIZ.PA,FR00140047H7,WIZIBOAT,Euronext Access Paris
1063,MLWRC.PA,ES0105399002,WHITENI R CAJAL,Euronext Access Paris
1064,MLZAM.PA,ZM0000000037,ZCCM,Euronext Access Paris
1065,MMB.PA,FR0000130213,LAGARDERE SA,Euronext Paris
1066,MMT.PA,FR0000053225,METROPOLE TV,Euronext Paris
1067,MNTR.OL,NO0010895022,MINTRA HOLDING,Euronext Growth Oslo
1068,MONC.PA,FR0000076986,MONCEY (FIN.) NOM.,Euronext Paris
1069,MONT.BE,BE0003853703,MONTEA,Euronext Brussels
1070,MOP.BE,NL0000488153,MOPOLI,Euronext Brussels
1071,MOPF.BE,NL0000488161,MOPOLI FOND,Euronext Brussels
1072,MORE.AS,CWN814651014,MOREFIELD GROUP,Euronext Amsterdam
1073,MOUR.BE,BE0003602134,MOURY CONSTRUCT,Euronext Brussels
1074,MPCES.OL,NL0015268814,MPC ENERGY SOLUTIO,Euronext Growth Oslo
1075,MRK.PA,US58933Y1055,MERCK AND CO INC,Euronext Paris
1076,MRL.LS,ES0105025003,MERLIN PROPERTIES,Euronext Lisbon
1077,MRM.PA,FR0000060196,M.R.M,Euronext Paris
1078,MRN.PA,FR0000039620,MERSEN,Euronext Paris
1079,MT.AS,LU1598757687,ARCELORMITTAL SA,Euronext Amsterdam
1080,MTRK.AS,GB00BMXH3352,MOTORK,Euronext Amsterdam
1081,MTU.PA,FR0000038606,MANITOU BF,Euronext Paris
1082,MUN.PA,FR0000077570,MICROPOLE,Euronext Paris
1083,MVW.OL,NO0010976343,M VEST WATER,Euronext Growth Oslo
1084,NACON.PA,FR0013482791,NACON,Euronext Paris
1085,NAI.AS,NL0015000CG2,NAI ORD SHARES,Euronext Amsterdam
1086,NAITR.AS,NL0015000CF4,NAI TREAS SHARES,Euronext Amsterdam
1087,NAIW.AS,NL0015000CH0,NAI WARRANTS,Euronext Amsterdam
1088,NANO.PA,FR0011341205,NANOBIOTIX,Euronext Paris
1089,NAVYA.PA,FR0013018041,NAVYA,Euronext Paris
1090,NBX.OL,NO0010984966,NORWEGIAN BLOCK EX,Euronext Growth Oslo
1091,NCOD.OL,NO0010892912,NORCOD,Euronext Growth Oslo
1092,NEDAP.AS,NL0000371243,NEDAP,Euronext Amsterdam
1093,NEDSE.AS,NL0009312842,MKB Nedsense,Euronext Amsterdam
1094,NEOEN.PA,FR0011675362,NEOEN,Euronext Paris
1095,NEWAY.AS,NL0000440618,NEWAYS ELECTRONICS,Euronext Amsterdam
1096,NEWT.BE,BE0003832491,NEWTREE,Euronext Access Brussels
1097,NEX.PA,FR0000044448,NEXANS,Euronext Paris
1098,NEXTA.BE,BE0003770840,NEXTENSA,Euronext Brussels
1099,NEXTS.PA,FR0012789386,NEXTSTAGE,Euronext Paris
1100,NHOA.PA,FR0012650166,NHOA,Euronext Paris
1101,NISB.OL,NO0010733082,NIDAROS SPAREBANK,Euronext Growth Oslo
1102,NK.PA,FR0000120859,IMERYS,Euronext Paris
1103,NLFBS.PA,FR0013282936,NEOLIFE BS,Euronext Growth Paris
1104,NN.AS,NL0010773842,NN GROUP,Euronext Amsterdam
1105,NOAP.OL,DK0061414638,NORDIC AQUA PART,Euronext Growth Oslo
1106,NOC.OL,GB00BF2PG875,NETOIL CAPITAL,Euronext Growth Oslo
1107,NOHAL.OL,NO0003058109,NORDIC HALIBUT,Euronext Growth Oslo
1108,NOKIA.PA,FI0009000681,NOKIA,Euronext Paris
1109,NOM.OL,NO0010317340,NORDIC MINING,Euronext Expand Oslo
1110,NORDH.OL,NO0011002651,NORDHEALTH A-AKSJE,Euronext Growth Oslo
1111,NORSE.OL,NO0010946445,NORSE ATLANTIC,Euronext Growth Oslo
1112,NORTH.OL,NO0010550056,NORTH ENERGY,Euronext Expand Oslo
1113,NOS.LS,PTZON0AM0006,"NOS, SGPS",Euronext Lisbon
1114,NR21.PA,FR0014001PV6,NR21,Euronext Paris
1115,NRG.PA,FR0000121691,NRJ GROUP,Euronext Paris
1116,NRO.PA,FR0004050250,NEURONES,Euronext Paris
1117,NRP.AS,IM00BDD7WV31,NEPI ROCKCASTLE,Euronext Amsterdam
1118,NSE.AS,NL0009822014,NEW SOURCES ENERGY,Euronext Amsterdam
1119,NSI.AS,NL0012365084,NSI N.V.,Euronext Amsterdam
1120,NSOL.OL,NO0010941925,NORSK SOLAR,Euronext Growth Oslo
1121,NTEL.OL,NO0010900087,NORTEL,Euronext Growth Oslo
1122,NTI.OL,NO0010969108,NORSK TITANIUM,Euronext Growth Oslo
1123,NUMND.OL,NO0010907090,NORDIC UNMANNED,Euronext Growth Oslo
1124,NVG.LS,PTPTI0AM0006,THE NAVIGATOR COMP,Euronext Lisbon
1125,NXFIL.AS,NL0015000D50,NX FILTRATION,Euronext Amsterdam
1126,NXI.PA,FR0010112524,NEXITY,Euronext Paris
1127,NYKD.OL,NO0010714785,NYKODE THERAPEUTIC,Euronext Growth Oslo
1128,NYR.BE,BE0974294267,NYRSTAR,Euronext Brussels
1129,NYXH.BE,BE0974358906,NYXOAH,Euronext Brussels
1130,OBEL.BE,BE0003735496,ORANGE BELGIUM,Euronext Brussels
1131,OBSRV.OL,NO0010865009,OBSERVE MEDICAL,Euronext Expand Oslo
1132,OCI.AS,NL0010558797,OCI,Euronext Amsterdam
1133,ODET.PA,FR0000062234,COMPAGNIE ODET,Euronext Paris
1134,ODYSW.AS,LU2355630968,ODYSSEY WARRANTS,Euronext Amsterdam
1135,ODYSY.AS,LU2355630455,ODYSSEY ORD SHARES,Euronext Amsterdam
1136,OIZ.IR,IE00B1WV4493,ORIGIN ENT. PLC,Euronext Growth Dublin
1137,OLG.PA,FR0010428771,OL GROUPE,Euronext Paris
1138,ONTEX.BE,BE0974276082,ONTEX GROUP,Euronext Brussels
1139,ONWD.BE,NL0015000HT4,ONWARD MEDICAL,Euronext Brussels
1140,OPN.PA,FR0004050300,GROUPE OPEN,Euronext Paris
1141,OPTI.BE,BE0003836534,CRESCENT,Euronext Brussels
1142,OR.PA,FR0000120321,L'OREAL,Euronext Paris
1143,ORA.PA,FR0000133308,ORANGE,Euronext Paris
1144,ORANW.AS,NL0000370419,ORANJEWOUD A,Euronext Amsterdam
1145,ORAP.PA,FR0000075392,ORAPI,Euronext Paris
1146,ORAPB.PA,FR0013522216,ORAPI BSA,Euronext Paris
1147,ORDI.AS,NL0000440584,ORDINA,Euronext Amsterdam
1148,ORE.LS,PTORE0AM0002,OREY ANTUNES ESC.,Euronext Lisbon
1149,OREGE.PA,FR0010609206,OREGE,Euronext Paris
1150,ORIA.PA,FR0000060535,FIDUCIAL REAL EST.,Euronext Paris
1151,ORN.OL,NO0010934748,ØRN SOFTWARE HLD.,Euronext Growth Oslo
1152,ORP.PA,FR0000184798,ORPEA,Euronext Paris
1153,ORPH.IR,GB00B9275X97,OPEN ORPHAN PLC,Euronext Growth Dublin
1154,ORQ1.IR,IE00BF0MZF04,ORMONDE MINING PLC,Euronext Growth Dublin
1155,OSE.PA,FR0012127173,OSE IMMUNO,Euronext Paris
1156,OSUN.OL,NO0010887565,OCEAN SUN,Euronext Growth Oslo
1157,OTOVO.OL,NO0010809783,OTOVO,Euronext Growth Oslo
1158,OVH.PA,FR0014005HJ9,OVH,Euronext Paris
1159,OVXA.IR,IE00B4XVDC01,OVOCA BIO PLC,Euronext Growth Dublin
1160,OXUR.BE,BE0003846632,OXURION,Euronext Brussels
1161,P8ET.IR,IE00B0Q82B24,PETRONEFT RES.,Euronext Growth Dublin
1162,PABSA.PA,FR0013054269,PARROT BSA 1,Euronext Paris
1163,PABSB.PA,FR0013054335,PARROT BSA 2,Euronext Paris
1164,PACE.AS,NL00150009D0,PEGASUS ORD SHARES,Euronext Amsterdam
1165,PACEU.AS,NL00150009E8,PEGASUS UNITS,Euronext Amsterdam
1166,PACEW.AS,NL00150009B4,PEGASUS WARRANTS,Euronext Amsterdam
1167,PAR.PA,FR0010263202,PAREF,Euronext Paris
1168,PARP.PA,FR0012612646,GROUPE PARTOUCHE,Euronext Paris
1169,PARRO.PA,FR0004038263,PARROT,Euronext Paris
1170,PAT.PA,FR0011027135,PATRIMOINE ET COMM,Euronext Paris
1171,PATBS.PA,FR0011844067,PLANT ADVANCED BS,Euronext Growth Paris
1172,PAY.BE,IL0010830391,PAYTON PLANAR,Euronext Brussels
1173,PCA.PA,FR0000053514,PCAS,Euronext Paris
1174,PEACE.AS,NL0015000H31,PEGASUS ENTREP SHA,Euronext Amsterdam
1175,PEACW.AS,NL0015000H56,PEGASUS ENTREP WAR,Euronext Amsterdam
1176,PERR.PA,FR0000061459,PERRIER (GERARD),Euronext Paris
1177,PEUG.PA,FR0000064784,PEUGEOT INVEST,Euronext Paris
1178,PHA.PA,FR0012882389,PHARMAGEST INTER.,Euronext Paris
1179,PHARM.AS,NL0010391025,PHARMING GROUP,Euronext Amsterdam
1180,PHIA.AS,NL0000009538,PHILIPS KON,Euronext Amsterdam
1181,PHLY.OL,NO0010395577,PHILLY SHIPYARD,Euronext Expand Oslo
1182,PHR.LS,PTPTC0AM0009,PHAROL,Euronext Lisbon
1183,PIC.BE,BE0003807246,PICANOL,Euronext Brussels
1184,PID.PA,FR0013318813,PARAGON ID,Euronext Paris
1185,PIG.PA,FR0000066755,HAULOTTE GROUP,Euronext Paris
1186,PMG.OL,NO0010890726,PLAY MAGNUS,Euronext Growth Oslo
1187,PNL.AS,NL0009739416,POSTNL,Euronext Amsterdam
1188,PNOR.OL,AU0000057408,PETRONOR E&P LTD,Euronext Expand Oslo
1189,PNSB.BE,BE0003838555,UCARE SERVICES BEL,Euronext Access Brussels
1190,POM.PA,FR0000124570,PLASTIC OMNIUM,Euronext Paris
1191,PORF.AS,NL0000378669,PORCELEYNE FLES,Euronext Amsterdam
1192,POXEL.PA,FR0012432516,POXEL,Euronext Paris
1193,PPG.OL,NO0010735681,PIONEER PROPERTY,Euronext Expand Oslo
1194,PPLA.AS,US69355L1098,PPLA European Unit,Euronext Amsterdam
1195,PPLAA.AS,BMG7209L1000,PPLA CLASS A,Euronext Amsterdam
1196,PPLAB.AS,BMG7209L1182,PPLA CLASS B,Euronext Amsterdam
1197,PRC.PA,FR0000074783,ARTMARKET COM,Euronext Paris
1198,PREC.PA,FR0014004EC4,PRECIA,Euronext Paris
1199,PREVA.AS,NL0015118803,VALUE8 CUM PREF,Euronext Amsterdam
1200,PROAC.PA,FR0004052561,PROACTIS SA,Euronext Paris
1201,PROBS.PA,FR0013268042,PROLOGUE BSA 2017,Euronext Growth Paris
1202,PROBT.PA,FR0013398617,PROLOGUE BSA,Euronext Growth Paris
1203,PROL.PA,FR0010380626,PROLOGUE,Euronext Paris
1204,PROX.BE,BE0003810273,PROXIMUS,Euronext Brussels
1205,PROXI.OL,NO0010893902,PROXIMAR SEAFOOD,Euronext Growth Oslo
1206,PRX.AS,NL0013654783,PROSUS,Euronext Amsterdam
1207,PRYME.OL,NL00150005Z1,PRYME,Euronext Growth Oslo
1208,PSAT.PA,FR0000038465,PASSAT,Euronext Paris
1209,PSH.AS,GG00BPFJTF46,PERSHING,Euronext Amsterdam
1210,PSKY.OL,NO0010895667,PATIENTSKY GROUP,Euronext Growth Oslo
1211,PUB.PA,FR0000130577,PUBLICIS GROUPE SA,Euronext Paris
1212,PUBBS.PA,FR0000312928,PUBLICIS BSA,Euronext Paris
1213,PVL.PA,FR0013252186,PLAST.VAL LOIRE,Euronext Paris
1214,PWG.PA,FR0012613610,PRODWAYS,Euronext Paris
1215,PYRUM.OL,DE000A2G8ZX8,PYRUM INNOVATIONS,Euronext Growth Oslo
1216,PZQA.IR,IE00B66B5T26,PROVIDENCE RES.,Euronext Growth Dublin
1217,QDT.PA,FR0000120560,QUADIENT,Euronext Paris
1218,QFG.BE,BE0003730448,QUESTFOR GR-PRICAF,Euronext Brussels
1219,QFUEL.OL,NO0010785967,QUANTAFUEL,Euronext Growth Oslo
1220,QRF.BE,BE0974272040,QRF,Euronext Brussels
1221,QUEST.OL,NO0011019119,QUESTBACK GROUP,Euronext Growth Oslo
1222,QWABS.PA,FR0013472677,QWAMPLIFY BSAANE,Euronext Growth Paris
1223,R8P.OL,NO0010859689,R8 PROPERTY,Euronext Growth Oslo
1224,RAL.PA,FR0000060618,RALLYE,Euronext Paris
1225,RAM.LS,PTFRV0AE0004,RAMADA,Euronext Lisbon
1226,RANA.OL,NO0010907389,RANA GRUBER,Euronext Growth Oslo
1227,RAND.AS,NL0000379121,RANDSTAD NV,Euronext Amsterdam
1228,RBO.PA,FR0013344173,ROCHE BOBOIS,Euronext Paris
1229,RBT.PA,FR0000039091,ROBERTET,Euronext Paris
1230,RCO.PA,FR0000130395,REMY COINTREAU,Euronext Paris
1231,RDSA.AS,GB00B03MLX29,ROYAL DUTCH SHELLA,Euronext Amsterdam
1232,RDSB.AS,GB00B03MM408,ROYAL DUTCH SHELLB,Euronext Amsterdam
1233,RE.PA,FR0000121634,COLAS,Euronext Paris
1234,REAL.BE,BE0003841583,REALCO,Euronext Access Brussels
1235,REC.BE,BE0003656676,RECTICEL,Euronext Brussels
1236,REI.BE,BE0003829463,REIBEL,Euronext Access Brussels
1237,REINA.AS,LU0383812293,REINET INVESTMENTS,Euronext Amsterdam
1238,REN.AS,GB00B2B0DG97,RELX,Euronext Amsterdam
1239,RENE.LS,PTREL0AM0008,REN,Euronext Lisbon
1240,RES.BE,BE0003707214,RESILUX,Euronext Brussels
1241,RET.BE,BE0003720340,RETAIL ESTATES,Euronext Brussels
1242,RF.PA,FR0000121121,EURAZEO,Euronext Paris
1243,RI.PA,FR0000120693,PERNOD RICARD,Euronext Paris
1244,RIN.PA,FR0000052516,VILMORIN & CIE,Euronext Paris
1245,RIVER.OL,MT0001710103,RIVER TECH,Euronext Growth Oslo
1246,RMS.PA,FR0000052292,HERMES INTL,Euronext Paris
1247,RNO.PA,FR0000131906,RENAULT,Euronext Paris
1248,ROCBT.PA,FR0013477593,ROCTOOL BSA 2020-2,Euronext Growth Paris
1249,ROCK.BE,BE0974401334,WHITESTONE GROUP,Euronext Growth Brussels
1250,ROM.OL,BMG763301022,ROMREAL,Euronext Expand Oslo
1251,ROMER.OL,NO0010808405,ROMERIKE SPAREBK,Euronext Growth Oslo
1252,ROMSB.OL,NO0010759988,ROMSDAL SPAREBANK,Euronext Growth Oslo
1253,ROOD.AS,NL0000440477,ROODMICROTEC,Euronext Amsterdam
1254,ROTH.PA,FR0000031684,ROTHSCHILD & CO,Euronext Paris
1255,ROU.BE,BE0003741551,ROULARTA,Euronext Brussels
1256,RUI.PA,FR0013269123,RUBIS,Euronext Paris
1257,RWI.AS,GB00BNR4T868,RENEWI,Euronext Amsterdam
1258,RX.PA,FR0000120388,RECYLEX S.A.,Euronext Paris
1259,RXL.PA,FR0010451203,REXEL,Euronext Paris
1260,RYA.IR,IE00BYTBXV33,RYANAIR HOLD. PLC,Euronext Dublin
1261,S30.PA,FR0013379484,SOLUTIONS 30 SE,Euronext Paris
1262,SABE.PA,FR0000060121,SAINT JEAN GROUPE,Euronext Paris
1263,SACI.PA,FR0000061418,FIDUCIAL OFF.SOL.,Euronext Paris
1264,SAF.PA,FR0000073272,SAFRAN,Euronext Paris
1265,SAMS.PA,FR0000060071,SAMSE,Euronext Paris
1266,SAN.PA,FR0000120578,SANOFI,Euronext Paris
1267,SANNV.PA,FR0014006T94,SANOFI NV22,Euronext Paris
1268,SAVE.PA,FR0000120107,SAVENCIA,Euronext Paris
1269,SB68.OL,NO0010887110,SPARBNK 68 GR NORD,Euronext Growth Oslo
1270,SBMO.AS,NL0000360618,SBM OFFSHORE,Euronext Amsterdam
1271,SBT.PA,FR0000052680,OENEO,Euronext Paris
1272,SCB.LS,PTSCB0AM0001,S.CLUBE BRAGA,Euronext Access Lisbon
1273,SCHD.BE,BE0012378593,SCHEERD.V KERCHOVE,Euronext Brussels
1274,SCHP.PA,FR0000039109,SECHE ENVIRONNEM.,Euronext Paris
1275,SCP.LS,PTSCP0AM0001,SPORTING,Euronext Lisbon
1276,SCR.PA,FR0010411983,SCOR SE,Euronext Paris
1277,SCT.LS,PTSCT0AP0018,TOYOTA CAETANO,Euronext Lisbon
1278,SDG.PA,FR0000032658,SYNERGIE,Euronext Paris
1279,SDT.PA,FR0000065765,VISIODENT,Euronext Paris
1280,SEAW7.OL,NO0010893803,SEAWAY 7,Euronext Growth Oslo
1281,SEC.PA,FR0000078321,SODITECH,Euronext Paris
1282,SEFER.PA,FR0011950682,SERGEFERRARI GROUP,Euronext Paris
1283,SELER.PA,FR0004175842,SELECTIRENTE,Euronext Paris
1284,SEM.LS,PTSEM0AM0004,SEMAPA,Euronext Lisbon
1285,SEQUA.BE,BE0974340722,SEQUANA MEDICAL,Euronext Brussels
1286,SESG.PA,LU0088087324,SES,Euronext Paris
1287,SESL.PA,FR0010282822,SES IMAGOTAG,Euronext Paris
1288,SEV.PA,FR0010613471,SUEZ,Euronext Paris
1289,SFCA.PA,FR0010209809,SOC FRANC CASINOS,Euronext Paris
1290,SFPI.PA,FR0004155000,GROUPE SFPI,Euronext Paris
1291,SGDBS.PA,FR0014003UB4,SPINEGUARD BS,Euronext Growth Paris
1292,SGO.PA,FR0000125007,SAINT GOBAIN,Euronext Paris
1293,SGRO.PA,GB00B5ZN1N88,SEGRO PLC,Euronext Paris
1294,SHUR.BE,LU1883301340,SHURGARD,Euronext Brussels
1295,SIFG.AS,NL0011660485,SIF HOLDING,Euronext Amsterdam
1296,SIGHT.PA,FR0013183985,GENSIGHT BIOLOGICS,Euronext Paris
1297,SII.PA,FR0000074122,SII,Euronext Paris
1298,SIKRI.OL,NO0010881717,SIKRI HOLDING,Euronext Growth Oslo
1299,SIP.BE,BE0003898187,SIPEF,Euronext Brussels
1300,SK.PA,FR0000121709,S.E.B.,Euronext Paris
1301,SK3.IR,IE00B1RR8406,SMURFIT KAPPA GP,Euronext Dublin
1302,SKAND.OL,NO0010931207,SKANDIA GREENPOWER,Euronext Growth Oslo
1303,SLB.PA,AN8068571086,SCHLUMBERGER,Euronext Paris
1304,SLBEN.LS,PTSLB0AM0010,BENFICA,Euronext Lisbon
1305,SLCO.PA,FR0000065492,SELCODIS,Euronext Paris
1306,SLIGR.AS,NL0000817179,SLIGRO FOOD GROUP,Euronext Amsterdam
1307,SMAR.BE,BE0974323553,SMARTPHOTO GROUP,Euronext Brussels
1308,SMCP.PA,FR0013214145,SMCP,Euronext Paris
1309,SMLBS.PA,FR0010649228,SMALTO BSA,Euronext Access Paris
1310,SMOP.OL,NO0011012502,SMARTOPTICS GROUP,Euronext Growth Oslo
1311,SMTPC.PA,FR0004016699,SMTPC,Euronext Paris
1312,SNG.LS,PTSNG0AM0007,SONAGI,Euronext Access Lisbon
1313,SNOW.AS,NL0010627865,SNOWWORLD,Euronext Amsterdam
1314,SO.PA,FR0013199916,SOMFY SA,Euronext Paris
1315,SOF.BE,BE0003717312,SOFINA,Euronext Brussels
1316,SOFT.BE,BE0003773877,SOFTIMAT,Euronext Growth Brussels
1317,SOFTX.OL,NO0010811961,SOFTOX SOLUTIONS,Euronext Growth Oslo
1318,SOG.PA,FR0000065864,SOGECLAIR,Euronext Paris
1319,SOI.PA,FR0013227113,SOITEC,Euronext Paris
1320,SOLB.BE,BE0003470755,SOLVAY,Euronext Brussels
1321,SOLV.BE,BE0003545531,SOLVAC NOM(RETAIL),Euronext Brussels
1322,SON.LS,PTSON0AM0001,SONAE,Euronext Lisbon
1323,SOP.PA,FR0000050809,SOPRA STERIA GROUP,Euronext Paris
1324,SPA.BE,BE0003798155,SPADEL,Euronext Brussels
1325,SPEL.PA,FR0000053944,FONCIERE VOLTA,Euronext Paris
1326,SPIE.PA,FR0012757854,SPIE,Euronext Paris
1327,SPR1.AS,NL0015000NM7,SPR1 ORD SHARES,Euronext Amsterdam
1328,SPR1T.AS,NL0015000NL9,SPR1T TREAS SHARES,Euronext Amsterdam
1329,SPR1W.AS,NL0015000NK1,SPR1W WARRANTS,Euronext Amsterdam
1330,SQI.PA,FR0011289040,SQLI,Euronext Paris
1331,SRP.PA,FR0013006558,SHOWROOMPRIVE,Euronext Paris
1332,STATT.OL,NO0010775844,STATT TORSK,Euronext Growth Oslo
1333,STF.PA,FR0000064271,STEF,Euronext Paris
1334,STLA.PA,NL00150001Q9,STELLANTIS NV,Euronext Paris
1335,STM.PA,NL0000226223,STMICROELECTRONICS,Euronext Paris
1336,STRN.AS,NL0000336303,STERN GROEP,Euronext Amsterdam
1337,STTL.BE,BE0974261902,SETTLEMENTS,Euronext Growth Brussels
1338,SU.PA,FR0000121972,SCHNEIDER ELECTRIC,Euronext Paris
1339,SUNSB.OL,NO0010672900,SUNNDAL SPAREBANK,Euronext Growth Oslo
1340,SW.PA,FR0000121220,SODEXO,Euronext Paris
1341,SWP.PA,FR0004180578,SWORD GROUP,Euronext Paris
1342,SX.PA,FR0007317813,CS GROUP.,Euronext Paris
1343,TAYN.PA,FR0000063307,TAYNINH,Euronext Paris
1344,TBGBS.PA,FR00140065G1,THEBLOCKCHAINGRBS,Euronext Growth Paris
1345,TBIRD.AS,VGG885761061,THUNDERBIRD,Euronext Amsterdam
1346,TBMBT.PA,FR0013483401,LESTQBLANC202212BS,Euronext Growth Paris
1347,TCH.PA,FR0013505062,TECHNICOLOR,Euronext Paris
1348,TCO.IR,GB00BLGZ9862,TESCO PLC,Euronext Dublin
1349,TDSA.LS,PTTD10AM0000,TEIXEIRA DUARTE,Euronext Lisbon
1350,TE.PA,NL0014559478,TECHNIP ENERGIES,Euronext Paris
1351,TECBS.PA,FR0013526225,TECH BSA 2024,Euronext Paris
1352,TECO.OL,NO0010887516,TECO 2030,Euronext Growth Oslo
1353,TEKNA.OL,NO0010951577,TEKNA HOLDING,Euronext Growth Oslo
1354,TEP.PA,FR0000051807,TELEPERFORMANCE,Euronext Paris
1355,TERB.BE,BE0003573814,TER BEKE,Euronext Brussels
1356,TESB.BE,BE0003555639,TESSENDERLO,Euronext Brussels
1357,TEXF.BE,BE0974263924,TEXAF,Euronext Brussels
1358,TFF.PA,FR0013295789,TFF GROUP,Euronext Paris
1359,TFG.AS,GG00B1RMC548,TETRAGON FIN GRP,Euronext Amsterdam
1360,TFI.PA,FR0000054900,TF1,Euronext Paris
1361,THEP.PA,FR0013333432,THERMADOR GROUPE,Euronext Paris
1362,TIE.AS,NL0010389508,TIE KINETIX,Euronext Amsterdam
1363,TINC.BE,BE0974282148,TINC,Euronext Brussels
1364,TIPI.PA,FR0000066482,TIPIAK,Euronext Paris
1365,TITC.BE,BE0974338700,TITAN CEMENT,Euronext Brussels
1366,TKO.PA,FR0013230612,TIKEHAU CAPITAL,Euronext Paris
1367,TKTT.PA,FR0004188670,TARKETT,Euronext Paris
1368,TKWY.AS,NL0012015705,JUST EAT TAKEAWAY,Euronext Amsterdam
1369,TNET.BE,BE0003826436,TELENET GROUP,Euronext Brussels
1370,TNG.PA,FR0005175080,TRANSGENE,Euronext Paris
1371,TOM2.AS,NL0013332471,TOMTOM,Euronext Amsterdam
1372,TOUP.PA,FR0000033003,TOUAX,Euronext Paris
1373,TQW.IR,GB0001500809,TULLOW OIL PLC,Euronext Dublin
1374,TRAN.PA,FR00140039U7,TRANSITION SHARES,Euronext Paris
1375,TRANW.PA,FR0014003AC4,TRANSITION WARRANT,Euronext Paris
1376,TRI.PA,FR0005691656,TRIGANO,Euronext Paris
1377,TTE.PA,FR0000120271,TOTALENERGIES,Euronext Paris
1378,TUB.BE,BE0003823409,TUBIZE-FIN,Euronext Brussels
1379,TVRB.PA,CH0008175645,TELEVERBIER,Euronext Paris
1380,TWEKA.AS,NL0000852523,TKH GROUP,Euronext Amsterdam
1381,TYSB.OL,NO0010731615,TYSNES SPAREBANK,Euronext Growth Oslo
1382,UBI.PA,FR0000054470,UBISOFT ENTERTAIN,Euronext Paris
1383,UCB.BE,BE0003739530,UCB,Euronext Brussels
1384,UFF.PA,FR0000034548,UNION FIN.FRANCE,Euronext Paris
1385,UMG.AS,NL0015000IY2,UMG,Euronext Amsterdam
1386,UMI.BE,BE0974320526,UMICORE,Euronext Brussels
1387,UNA.AS,GB00B10RZP78,UNILEVER,Euronext Amsterdam
1388,UNBL.PA,FR0000054215,UNIBEL,Euronext Paris
1389,UNI.BE,BE0003847648,FLOWSPARKS,Euronext Access Brussels
1390,UPG.BE,BE0974371032,UNIFIEDPOST GROUP,Euronext Brussels
1391,UPR.IR,IE00BJ5FQX74,UNIPHAR PLC,Euronext Growth Dublin
1392,URW.AS,FR0013326246,UNIBAIL-RODAMCO-WE,Euronext Amsterdam
1393,VAC.PA,FR0000073041,PIERRE VACANCES,Euronext Paris
1394,VAF.LS,PTVAA0AM0019,VAA VISTA ALEGRE,Euronext Lisbon
1395,VALUE.AS,NL0010661864,VALUE8,Euronext Amsterdam
1396,VAM.AS,NL0015000G40,VAM INVEST SHARES,Euronext Amsterdam
1397,VAMT.AS,NL0015000GH1,VAM INVEST TR SHA,Euronext Amsterdam
1398,VAMW.AS,NL0015000G32,VAM INVEST WARRANT,Euronext Amsterdam
1399,VAN.BE,BE0003839561,VAN DE VELDE,Euronext Brussels
1400,VAPBS.PA,FR0014001KF0,KUMULUSBSA2020,Euronext Growth Paris
1401,VASTB.BE,BE0003754687,VASTNED BELGIUM,Euronext Brussels
1402,VASTN.AS,NL0000288918,VASTNED,Euronext Amsterdam
1403,VCT.PA,FR0000031775,VICAT,Euronext Paris
1404,VEON.AS,BMG9349W1038,VEON,Euronext Amsterdam
1405,VETO.PA,FR0004186856,VETOQUINOL,Euronext Paris
1406,VGM.OL,NO0011037483,VOW GREEN METALS,Euronext Growth Oslo
1407,VGP.BE,BE0003878957,VGP,Euronext Brussels
1408,VIE.PA,FR0000124141,VEOLIA ENVIRON.,Euronext Paris
1409,VIL.PA,FR0000050049,VIEL ET COMPAGNIE,Euronext Paris
1410,VIO.BE,BE0974271034,VIOHALCO,Euronext Brussels
1411,VIRP.PA,FR0000031577,VIRBAC,Euronext Paris
1412,VIV.PA,FR0000127771,VIVENDI SE,Euronext Paris
1413,VIVBS.PA,FR0014003O76,VISIATIV BS,Euronext Growth Paris
1414,VIVNV.PA,FR0014006O81,VIVENDI NV22,Euronext Paris
1415,VK.PA,FR0013506730,VALLOUREC,Euronext Paris
1416,VKBS.PA,FR00140030K7,VALLOUREC BSA 21,Euronext Paris
1417,VLA.PA,FR0004056851,VALNEVA,Euronext Paris
1418,VLK.AS,NL0000302636,V LANSCHOT KEMPEN,Euronext Amsterdam
1419,VLTSA.PA,FR0011995588,VOLTALIA,Euronext Paris
1420,VMGBS.PA,FR0013322724,VISIOMED BSA2018-1,Euronext Growth Paris
1421,VMGBT.PA,FR0013321817,VISIOMEDBSA26OCT23,Euronext Growth Paris
1422,VMX.PA,FR0010291245,VERIMATRIX,Euronext Paris
1423,VPK.AS,NL0009432491,VOPAK,Euronext Amsterdam
1424,VRAP.PA,FR0000062796,VRANKEN-POMMERY,Euronext Paris
1425,VRLA.PA,FR0013447729,VERALLIA,Euronext Paris
1426,VTA.AS,GG00B1GHHH78,VOLTA FINANCE,Euronext Amsterdam
1427,VTR.PA,FR0010309096,VITURA,Euronext Paris
1428,VVY.AS,NL00150002Q7,VIVORYON,Euronext Amsterdam
1429,WAGA.PA,FR0012532810,WAGA ENERGY,Euronext Paris
1430,WAVE.PA,FR0013357621,WAVESTONE,Euronext Paris
1431,WDP.BE,BE0974349814,WDP,Euronext Brussels
1432,WEB.BE,BE0003734481,WAREHOUSES ESTATES,Euronext Brussels
1433,WEHB.BE,BE0003724383,WERELDHAVE BELGIUM,Euronext Brussels
1434,WEST.OL,NO0010768096,WESTERN BULK CHART,Euronext Growth Oslo
1435,WHA.AS,NL0000289213,WERELDHAVE,Euronext Amsterdam
1436,WKL.AS,NL0000395903,WOLTERS KLUWER,Euronext Amsterdam
1437,WLN.PA,FR0011981968,WORLDLINE,Euronext Paris
1438,WOLE.BE,BE0003600112,WOL. EXTENS. CERT,Euronext Brussels
1439,WOLS.BE,BE0003571792,WOL. SHOPPING CERT,Euronext Brussels
1440,XFAB.PA,BE0974310428,X-FAB,Euronext Paris
1441,XIL.PA,FR0004034072,XILAM ANIMATION,Euronext Paris
1442,XIOR.BE,BE0974288202,XIOR,Euronext Brussels
1443,XPLRA.OL,NO0010895782,XPLORA TECHNOLOGIE,Euronext Growth Oslo
1444,YATRA.AS,JE00B1FBT077,YATRA,Euronext Amsterdam
1445,YEW.IR,IE00BDT5KP12,YEW GROVE REIT PLC,Euronext Dublin
1446,ZAP.OL,NO0010713936,ZAPTEC,Euronext Growth Oslo
1447,ZEN.BE,BE0003809267,ZENOBE GRAMME CERT,Euronext Brussels
1448,ZENA.OL,CA98936C1068,ZENITH ENERGY,Euronext Growth Oslo
1449,ZWIPE.OL,NO0010721277,ZWIPE,Euronext Growth Oslo
