name,isin,symbol,market
1000MERCIS,FR0010285965,ALMIL,Euronext Growth Paris
2CRSI,FR0013341781,2CRSI,Euronext Paris
2MX ORGANIC,FR0014000T90,2MX,Euronext Paris
2MX ORGANIC BS,FR0014000TB2,2MXBS,Euronext Paris
5TH PLANET GAMES,DK0060945467,5PG,Euronext Expand Oslo
A TOUTE VITESSE,FR0010050773,MLATV,Euronext Access Paris
A.S.T. GROUPE,FR0000076887,ASP,Euronext Paris
AALBERTS NV,NL0000852564,AALB,Euronext Amsterdam
AASEN SPAREBANK,NO0010672181,AASB,Euronext Growth Oslo
AB INBEV,BE0974293251,ABI,Euronext Brussels
AB SCIENCE,FR0010557264,AB,Euronext Paris
ABC ARBITRAGE,FR0004040608,ABCA,Euronext Paris
ABEO,FR0013185857,ABEO,Euronext Paris
ABIONYX PHARMA,FR0012616852,ABNX,Euronext Paris
ABIVAX,FR0012333284,ABVX,Euronext Paris
ABN AMRO BANK N.V.,NL0011540547,ABN,Euronext Amsterdam
ABO GROUP,BE0974278104,ABO,Euronext Brussels
ACACIA PHARMA,GB00BYWF9Y76,ACPH,Euronext Brussels
ACANTHE DEV.,FR0000064602,ACAN,Euronext Paris
ACCELL GROUP,NL0009767532,ACCEL,Euronext Amsterdam
ACCENTIS,BE0003696102,ACCB,Euronext Brussels
ACCOR,FR0000120404,AC,Euronext Paris
ACCOR AC SHARES,FR0014003PZ3,AAC,Euronext Paris
ACCOR AC WARRANTS,FR0014003QK3,AACW,Euronext Paris
ACCSYS,GB00BQQFX454,AXS,Euronext Amsterdam
ACHETER-LOUER.FR,FR0010493510,ALALO,Euronext Growth Paris
ACKERMANS V.HAAREN,BE0003764785,ACKB,Euronext Brussels
ACTEOS,FR0000076861,EOS,Euronext Paris
ACTIA GROUP,FR0000076655,ATI,Euronext Paris
ACTICOR BIOTECH,FR0014005OJ5,ALACT,Euronext Growth Paris
ACTIVIUM GROUP,FR0010979377,MLACT,Euronext Access Paris
ADA,FR0000053076,ALADA,Euronext Growth Paris
ADC SIIC,BE0974269012,ALDV,Euronext Paris
ADEUNIS,FR0013284627,ALARF,Euronext Growth Paris
ADOCIA,FR0011184241,ADOC,Euronext Paris
ADOMOS,FR0013247244,ALADO,Euronext Growth Paris
ADP,FR0010340141,ADP,Euronext Paris
ADS MARITIME HOLD,CY0108052115,ADS,Euronext Growth Oslo
ADTHINK,FR0010457531,ALADM,Euronext Growth Paris
ADUX,FR0012821890,ADUX,Euronext Paris
ADVENIS,FR0004152874,ALADV,Euronext Growth Paris
ADVICENNE,FR0013296746,ADVIC,Euronext Paris
ADVINI,FR0000053043,ADVI,Euronext Paris
ADYEN,NL0012969182,ADYEN,Euronext Amsterdam
AEDIFICA,BE0003851681,AED,Euronext Brussels
AEGA,NO0010626559,AEGA,Euronext Expand Oslo
AEGON,NL0000303709,AGN,Euronext Amsterdam
AERKOMM INC,US00774B2088,AKOM,Euronext Paris
AFFLUENT MEDICAL,FR0013333077,AFME,Euronext Paris
AFYREN,FR0014005AC9,ALAFY,Euronext Growth Paris
AG3I,FR0011908045,MLAGI,Euronext Access Paris
AGEAS,BE0974264930,AGS,Euronext Brussels
AGENCE AUTO,FR0014005WE9,MLAA,Euronext Access Paris
AGFA-GEVAERT,BE0003755692,AGFB,Euronext Brussels
AGILYX,NO0010872468,AGLX,Euronext Growth Oslo
AGP MALAGA SOCIMI,ES0105478004,MLAGP,Euronext Access Paris
AGRIPOWER,FR0013452281,ALAGP,Euronext Growth Paris
AGROGENERATION,FR0010641449,ALAGR,Euronext Growth Paris
AGUAS DA CURIA,PTCUR0AP0000,CUR,Euronext Access Lisbon
AHOLD DEL,NL0011794037,AD,Euronext Amsterdam
AIB GROUP PLC,IE00BF0L3536,A5G,Euronext Dublin
AIR FRANCE -KLM,FR0000031122,AF,Euronext Paris
AIR LIQUIDE,FR0000120073,AI,Euronext Paris
AIR MARINE,FR0013285103,MLAIM,Euronext Access Paris
AIRBUS,NL0000235190,AIR,Euronext Paris
AIRTHINGS,NO0010895568,AIRX,Euronext Growth Oslo
AIRTIME,IT0005450819,ALAIR,Euronext Growth Paris
AIRWELL,FR0014003V77,MLAIR,Euronext Access Paris
AJAX,NL0000018034,AJAX,Euronext Amsterdam
AKER CLEAN HYDROGE,NO0010936081,ACH,Euronext Growth Oslo
AKER OFFSHORE WIND,NO0010890312,AOW,Euronext Growth Oslo
AKKA TECHNOLOGIES,FR0004180537,AKA,Euronext Paris
AKOBO MINERALS,SE0015193412,AKOBO,Euronext Growth Oslo
AKWEL,FR0000053027,AKW,Euronext Paris
AKZO NOBEL,NL0013267909,AKZA,Euronext Amsterdam
ALAN ALLMAN,FR0000062465,AAA,Euronext Paris
ALBIOMA,FR0000060402,ABIO,Euronext Paris
ALBIOMA BSAAR 2018,FR0013368438,ABIBS,Euronext Growth Paris
ALCHIMIE,FR0014000JX7,ALCHI,Euronext Growth Paris
ALD,FR0013258662,ALD,Euronext Paris
ALEPH FINANCE,GB00BJ9M4V82,MLALE,Euronext Access Paris
ALFEN,NL0012817175,ALFEN,Euronext Amsterdam
ALLFUNDS GROUP,GB00BNTJ3546,ALLFG,Euronext Amsterdam
ALMUNDA PRO NV,NL0010696704,AMUND,Euronext Amsterdam
ALPES (COMPAGNIE),FR0000053324,CDA,Euronext Paris
ALPHA MOS,FR0013421286,ALM,Euronext Paris
ALSTOM,FR0010220475,ALO,Euronext Paris
ALTAMIR,FR0000053837,LTA,Euronext Paris
ALTAREA,FR0000033219,ALTA,Euronext Paris
ALTAREIT,FR0000039216,AREIT,Euronext Paris
ALTEN,FR0000071946,ATE,Euronext Paris
ALTERNUS ENERGY GR,IE00BLRPRP89,ALT,Euronext Growth Oslo
ALTHEORA,FR0000061244,ALORA,Euronext Growth Paris
ALTRI SGPS,PTALT0AE0002,ALTR,Euronext Lisbon
ALTUR INVEST.,FR0010395681,ALTUR,Euronext Paris
ALUMEXX N.V.,NL0012194724,ALX,Euronext Amsterdam
ALVEEN,FR0013253812,MLALV,Euronext Access Paris
AMA CORPORATION,GB00BNKGZC51,ALAMA,Euronext Growth Paris
AMATHEON AGRI,NL0010273694,MLAAH,Euronext Access Paris
AMG,NL0000888691,AMG,Euronext Amsterdam
AMOEBA,FR0011051598,ALMIB,Euronext Growth Paris
AMPLITUDE SURGICAL,FR0012789667,AMPLI,Euronext Paris
AMSTERDAM COMMOD.,NL0000313286,ACOMO,Euronext Amsterdam
AMUNDI,FR0004125920,AMUN,Euronext Paris
ANDFJORD SALMON,NO0010829765,ANDF,Euronext Growth Oslo
ANTARES CERT,BE0003676872,ANT,Euronext Brussels
ANTIN INFRA PARTN,FR0014005AL0,ANTIN,Euronext Paris
APERAM,LU0569974404,APAM,Euronext Amsterdam
APTORUM GROUP CL A,KYG6096M1069,APM,Euronext Paris
AQUA BIO TECHNO,NO0010307135,ABT,Euronext Expand Oslo
AQUILA,FR0010340711,ALAQU,Euronext Growth Paris
ARAMIS GROUP,FR0014003U94,ARAMI,Euronext Paris
ARCADIS,NL0006237562,ARCAD,Euronext Amsterdam
ARCELORMITTAL SA,LU1598757687,MT,Euronext Amsterdam
ARCHOS,FR0000182479,ALJXR,Euronext Growth Paris
ARCTIC BIOSCIENCE,NO0010859580,ABS,Euronext Growth Oslo
ARCTIC FISH HOLDIN,NO0010917719,AFISH,Euronext Growth Oslo
ARCURE,FR0013398997,ALCUR,Euronext Growth Paris
ARDOIN ST AMAND A,FR0005057635,MLARD,Euronext Access Paris
ARDOIN ST AMAND B,FR0004070795,ARDO,Euronext Access Paris
ARGAN,FR0010481960,ARG,Euronext Paris
ARGENX SE,NL0010832176,ARGX,Euronext Brussels
ARGEO,NO0010946593,ARGEO,Euronext Growth Oslo
ARIMELIA ITG,ES0105601001,MLARI,Euronext Access Paris
ARKEMA,FR0010313833,AKE,Euronext Paris
AROCA DEL PINAR,ES0105486007,MLARO,Euronext Access Paris
ARTEA,FR0012185536,ARTE,Euronext Paris
ARTMARKET COM,FR0000074783,PRC,Euronext Paris
ARTOIS NOM.,FR0000076952,ARTO,Euronext Paris
ASCENCIO,BE0003856730,ASC,Euronext Brussels
ASHLER ET MANSON,FR0012968485,MLAEM,Euronext Access Paris
ASIT,BE0974289218,ASIT,Euronext Brussels
ASM INTERNATIONAL,NL0000334118,ASM,Euronext Amsterdam
ASML HOLDING,NL0010273215,ASML,Euronext Amsterdam
ASR NEDERLAND,NL0011872643,ASRNL,Euronext Amsterdam
ASSYSTEM,FR0000074148,ASY,Euronext Paris
ASTROCAST,CH1122548808,ASTRO,Euronext Growth Oslo
ATARI,FR0010478248,ATA,Euronext Paris
ATEME,FR0011992700,ATEME,Euronext Paris
ATENOR,BE0003837540,ATEB,Euronext Brussels
ATOS,FR0000051732,ATO,Euronext Paris
ATRIUM EUR REALEST,JE00B3DCF752,ATRS,Euronext Amsterdam
AUBAY,FR0000063737,AUB,Euronext Paris
AUDACIA,FR00140059B5,ALAUD,Euronext Growth Paris
AUDIENCE LABS,FR0011896463,MLAUD,Euronext Access Paris
AUDIOVALLEY,BE0974334667,ALAVY,Euronext Growth Paris
AUGROS COSMETICS,FR0000061780,AUGR,Euronext Paris
AUPLATA MINING GR,FR0013410370,ALAMG,Euronext Growth Paris
AUREA,FR0000039232,AURE,Euronext Paris
AURES TECHNOLOGIES,FR0013183589,AURS,Euronext Paris
AURORA EIENDOM,NO0011032310,AURA,Euronext Growth Oslo
AVANTIUM,NL0012047823,AVTX,Euronext Amsterdam
AVENIR TELECOM,FR0013529815,AVT,Euronext Paris
AWILCO LNG,NO0010607971,ALNG,Euronext Expand Oslo
AXA,FR0000120628,CS,Euronext Paris
AXA NV22,FR00140074K5,CSNV,Euronext Paris
AXWAY SOFTWARE,FR0011040500,AXW,Euronext Paris
AYFIE GROUP,NO0010793243,AYFIE,Euronext Growth Oslo
AZ LEASING,IT0004812258,MLAZL,Euronext Access Paris
AZELIS GROUP,BE0974400328,AZE,Euronext Brussels
AZOREAN TECH,PTAZR0AM0006,MLAAT,Euronext Access Paris
B.COM.PORTUGUES,PTBCP0AM0015,BCP,Euronext Lisbon
B&S Group,LU1789205884,BSGR,Euronext Amsterdam
BAIKOWSKI,FR0013384369,ALBKK,Euronext Growth Paris
BAINS MER MONACO,MC0000031187,BAIN,Euronext Paris
BALTA GROUP,BE0974314461,BALTA,Euronext Brussels
BALTIC SEA PROP,NO0010810476,BALT,Euronext Growth Oslo
BALYO,FR0013258399,BALYO,Euronext Paris
BAM GROEP KON,NL0000337319,BAMNB,Euronext Amsterdam
BANIMMO A,BE0003870871,BANI,Euronext Brussels
BANK OF IR NC PREF,IE0000730790,DD7E,Euronext Dublin
BANK OF IR NCP STF,IE0000730808,DD7D,Euronext Dublin
BANK OF IRELAND GP,IE00BD1RP616,BIRG,Euronext Dublin
BARBARA BUI,FR0000062788,BUI,Euronext Paris
BARCO,BE0974362940,BAR,Euronext Brussels
BARINGS CORE SPAIN,ES0105362000,MLBAR,Euronext Access Paris
BARRAMUNDI GROUP,SGXZ33675836,BARRA,Euronext Growth Oslo
BASIC-FIT,NL0011872650,BFIT,Euronext Amsterdam
BASILIX CERT,BE0003674851,BAS,Euronext Brussels
BASSAC,FR0004023208,BASS,Euronext Paris
BASTIDE LE CONFORT,FR0000035370,BLC,Euronext Paris
BATLA MINERALS,FR0010436170,MLBAT,Euronext Access Paris
BD MULTI MEDIA,FR0000035305,ALBDM,Euronext Growth Paris
BE SEMICONDUCTOR,NL0012866412,BESI,Euronext Amsterdam
BEACONSMIND,CH0451123589,MLBMD,Euronext Access Paris
BEAULIEU-AV. CERT,BE0003661726,BEAB,Euronext Brussels
BEBO HEALTH,CH1148983609,MLBBO,Euronext Access Paris
BEFIMMO,BE0003678894,BEFB,Euronext Brussels
BEKAERT,BE0974258874,BEKB,Euronext Brussels
BEL,FR0000121857,FBEL,Euronext Paris
BELIEVE,FR0014003FE9,BLV,Euronext Paris
BELRECA,BE0020575115,BELR,Euronext Brussels
BELUGA,BE0003723377,BELU,Euronext Brussels
BENETEAU,FR0000035164,BEN,Euronext Paris
BENFICA,PTSLB0AM0010,SLBEN,Euronext Lisbon
BERGEN CARBON SOL,NO0010950249,BCS,Euronext Growth Oslo
BERNARD LOISEAU,FR0000066961,ALDBL,Euronext Growth Paris
BETER BED,NL0000339703,BBED,Euronext Amsterdam
BEVER HOLDING,NL0000285278,BEVER,Euronext Amsterdam
BIC,FR0000120966,BB,Euronext Paris
BIGBEN INTERACTIVE,FR0000074072,BIG,Euronext Paris
BILENDI,FR0004174233,ALBLD,Euronext Growth Paris
BIO-UV GROUP,FR0013345493,ALTUV,Euronext Growth Paris
BIOCARTIS,BE0974281132,BCART,Euronext Brussels
BIOCORP,FR0012788065,ALCOR,Euronext Growth Paris
BIOFISH HOLDING,NO0010955198,BFISH,Euronext Growth Oslo
BIOMERIEUX,FR0013280286,BIM,Euronext Paris
BIOPHYTIS,FR0012816825,ALBPS,Euronext Growth Paris
BIOPHYTIS BSA,FR0013507290,BPSBS,Euronext Growth Paris
BIOSYNEX,FR0011005933,ALBIO,Euronext Growth Paris
BIOTALYS,BE0974386188,BTLS,Euronext Brussels
BLACK SEA PROPERTY,NO0010755101,BSP,Euronext Growth Oslo
BLEECKER,FR0000062150,BLEE,Euronext Paris
BLUE SHARK POWER,FR0013340973,MLBSP,Euronext Access Paris
BLUELINEA,FR0011041011,ALBLU,Euronext Growth Paris
BLUELINEA BSA Y,FR0013480985,BLUBT,Euronext Growth Paris
BNP PARIBAS ACT.A,FR0000131104,BNP,Euronext Paris
BOA CONCEPT,FR0011365907,ALBOA,Euronext Growth Paris
BODY ONE,FR0010106039,MLONE,Euronext Access Paris
BOIRON,FR0000061129,BOI,Euronext Paris
BOLLORE,FR0000039299,BOL,Euronext Paris
BONDUELLE,FR0000063935,BON,Euronext Paris
BONE THERAPEUTICS,BE0974280126,BOTHE,Euronext Brussels
BOOSTHEAT,FR0011814938,ALBOO,Euronext Growth Paris
BOSKALIS WESTMIN,NL0000852580,BOKA,Euronext Amsterdam
BOURRELIER GROUP,FR0000054421,ALBOU,Euronext Growth Paris
BOURSE DIRECT,FR0000074254,BSD,Euronext Paris
BOUSSARD GAVAUDAN,GG00B1FQG453,BGHL,Euronext Amsterdam
BOUSSARD GHL GBP,GG00B39VMM07,BGHS,Euronext Amsterdam
BOUYGUES,FR0000120503,EN,Euronext Paris
BOUYGUES NV22,FR0014006U75,ENNV,Euronext Paris
BPOST,BE0974268972,BPOST,Euronext Brussels
BQUE NAT. BELGIQUE,BE0003008019,BNB,Euronext Brussels
BRABANK,NO0010167331,BRA,Euronext Growth Oslo
BREDERODE,LU1068091351,BREB,Euronext Brussels
BRIGADE M3 SHA,KYG137071075,BACE,Euronext Amsterdam
BRIGADE M3 UNITS,KYG137071158,BACEU,Euronext Amsterdam
BRILL KON,NL0000442523,BRILL,Euronext Amsterdam
BRUNEL INTERNAT,NL0010776944,BRNL,Euronext Amsterdam
BUREAU VERITAS,FR0006174348,BVI,Euronext Paris
BURELLE,FR0000061137,BUR,Euronext Paris
BW Epic Kosan,SGXZ80461361,BWEK,Euronext Growth Oslo
BW IDEOL,NO0010947385,BWIDL,Euronext Growth Oslo
CA TOULOUSE 31 CCI,FR0000045544,CAT31,Euronext Paris
CABASSE GROUP,FR0013530102,ALCG,Euronext Growth Paris
CAFOM,FR0010151589,CAFO,Euronext Paris
CAIRE,FR0010781377,MLAAE,Euronext Access Paris
CAIRN HOMES PLC,IE00BWY4ZF18,C5H,Euronext Dublin
CAMBI,NO0010078850,CAMBI,Euronext Growth Oslo
CAMBODGE NOM.,FR0000079659,CBDG,Euronext Paris
CAMPINE,BE0003825420,CAMB,Euronext Brussels
CANDELA INVEST,BE0974298300,CAND,Euronext Growth Brussels
CANOPY HOLDINGS,NO0010781560,CAN,Euronext Growth Oslo
CAPELLI,FR0012969095,CAPLI,Euronext Paris
CAPGEMINI,FR0000125338,CAP,Euronext Paris
CARBIOS,FR0011648716,ALCRB,Euronext Growth Paris
CARBON TRANSITION,NO0010778095,CARBN,Euronext Expand Oslo
CARE PROPERTY INV.,BE0974273055,CPINV,Euronext Brussels
CARMAT,FR0010907956,ALCAR,Euronext Growth Paris
CARMILA,FR0010828137,CARM,Euronext Paris
CARPINIENNE PART.,FR0000064156,CARP,Euronext Paris
CARREFOUR,FR0000120172,CA,Euronext Paris
CASINO GUICHARD,FR0000125585,CO,Euronext Paris
CAST,FR0000072894,CAS,Euronext Paris
CATANA GROUP,FR0010193052,CATG,Euronext Paris
CATERING INTL SCES,FR0000064446,CTRG,Euronext Paris
CATERPILLAR INC,US1491231015,CATR,Euronext Paris
CBI,FR0014007LW0,ALCBI,Euronext Growth Paris
CBO TERRITORIA,FR0010193979,CBOT,Euronext Paris
CECURITY.COM,FR0010717579,MLCEC,Euronext Access Paris
CEGEDIM,FR0000053506,CGM,Euronext Paris
CELLECTIS,FR0010425595,ALCLS,Euronext Growth Paris
CELYAD ONCOLOGY,BE0974260896,CYAD,Euronext Brussels
CENERGY,BE0974303357,CENER,Euronext Brussels
CERINNOV GROUP,FR0013178712,ALPCV,Euronext Growth Paris
CESAR,FR0013297165,ALCES,Euronext Growth Paris
CESYNT A SHARES,IT0005402034,MLCSA,Euronext Access Paris
CESYNT B SHARES,IT0005398877,MLCSB,Euronext Access Paris
CFE,BE0003883031,CFEB,Euronext Brussels
CFI,FR0000037475,CFI,Euronext Paris
CFM INDOSUEZWEALTH,MC0010000826,MLCFM,Euronext Access Paris
CGG,FR0013181864,CGG,Euronext Paris
CGG BSA 1,FR0013309614,CGGBS,Euronext Paris
CGG BSA 2,FR0013309622,CGGBT,Euronext Paris
CH.FER DEPARTEMENT,FR0000037871,MLCFD,Euronext Access Paris
CH.FER VAR GARD N.,FR0000051567,MLCVG,Euronext Access Paris
CHARGEURS,FR0000130692,CRI,Euronext Paris
CHAUSSERIA,FR0000060907,CHSR,Euronext Paris
CHEOPS TECHNOLOGY,FR0010447086,MLCHE,Euronext Access Paris
CHOICE,BE0974370026,MLTV,Euronext Access Brussels
CHRISTIAN DIOR,FR0000130403,CDI,Euronext Paris
CIBOX INTER A CTIV,FR0000054322,CIB,Euronext Paris
CIE BOIS SAUVAGE,BE0003592038,COMB,Euronext Brussels
CIE DU MONT BLANC,FR0000060428,MLCMB,Euronext Access Paris
CIOA,FR0012384907,MLCIO,Euronext Access Paris
CIRCA GROUP,NO0010917594,CIRCA,Euronext Growth Oslo
CLARANOVA,FR0013426004,CLA,Euronext Paris
CLASQUIN,FR0004152882,ALCLA,Euronext Growth Paris
CLEAN SEAS SEAFOOD,AU000000CSS3,CSS,Euronext Growth Oslo
CM.COM,NL0012747059,CMCOM,Euronext Amsterdam
CNIM GROUP,FR0000053399,COM,Euronext Paris
CNOVA,NL0010949392,CNV,Euronext Paris
CNP ASSURANCES,FR0000120222,CNP,Euronext Paris
CO.BR.HA,BE0003519270,COBH,Euronext Growth Brussels
CO2 CAPSOL,NO0010923121,CAPSL,Euronext Growth Oslo
Coca-ColaEuropacif,GB00BDCPN049,CCEP,Euronext Amsterdam
COFACE,FR0010667147,COFA,Euronext Paris
COFIDUR,FR0013257409,ALCOF,Euronext Growth Paris
COFINIMMO,BE0003593044,COFB,Euronext Brussels
COGELEC,FR0013335742,ALLEC,Euronext Growth Paris
COGRA,FR0011071570,ALCOG,Euronext Growth Paris
COHERIS,FR0004031763,COH,Euronext Paris
COIL,BE0160342011,ALCOI,Euronext Growth Paris
COLAS,FR0000121634,RE,Euronext Paris
COLIPAYS,FR0010959684,MLCLP,Euronext Access Paris
COLRUYT,BE0974256852,COLR,Euronext Brussels
COMPAGNIE ODET,FR0000062234,ODET,Euronext Paris
CONDOR TECHNOLOG,BE6252013725,MLMFI,Euronext Access Paris
CONDURIL,PTCDU0AE0003,CDU,Euronext Access Lisbon
CONSORT NT,FR0000077828,MLCNT,Euronext Access Paris
CONSTRUCTEURS BOIS,FR00140007I9,MLLCB,Euronext Access Paris
COPAM,PTCPA0AP0006,CPA,Euronext Access Lisbon
CORBION,NL0010583399,CRBN,Euronext Amsterdam
CORE LABORATORIES,NL0000200384,CLB,Euronext Amsterdam
COREP LIGHTING,FR0010035816,MLCOR,Euronext Access Paris
CORRE ENERGY B.V.,NL0015000DY3,CORRE,Euronext Growth Dublin
CORTICEIRA AMORIM,PTCOR0AE0006,COR,Euronext Lisbon
COURBET,FR0004998318,MLCOU,Euronext Access Paris
COURTOIS,FR0000065393,COUR,Euronext Paris
COVIVIO,FR0000064578,COV,Euronext Paris
COVIVIO HOTELS,FR0000060303,COVH,Euronext Paris
CRCAM ALP.PROV.CCI,FR0000044323,CRAP,Euronext Paris
CRCAM ATL.VEND.CCI,FR0000185506,CRAV,Euronext Paris
CRCAM BRIE PIC2CCI,FR0010483768,CRBP2,Euronext Paris
CRCAM ILLE-VIL.CCI,FR0000045213,CIV,Euronext Paris
CRCAM LANGUED CCI,FR0010461053,CRLA,Euronext Paris
CRCAM LOIRE HTE L.,FR0000045239,CRLO,Euronext Paris
CRCAM MORBIHAN CCI,FR0000045551,CMO,Euronext Paris
CRCAM NORD CCI,FR0000185514,CNF,Euronext Paris
CRCAM NORM.SEINE,FR0000044364,CCN,Euronext Paris
CRCAM PARIS ET IDF,FR0000045528,CAF,Euronext Paris
CRCAM SUD R.A.CCI,FR0000045346,CRSU,Euronext Paris
CRCAM TOURAINE CCI,FR0000045304,CRTO,Euronext Paris
CREDIT AGRICOLE,FR0000045072,ACA,Euronext Paris
CRESCENT,BE0003836534,OPTI,Euronext Brussels
CRH PLC 5PCCumPref,IE0001827264,DD8A,Euronext Dublin
CRH PLC 7PCCumPref,IE0001827603,DD8B,Euronext Dublin
CRH PLC ord,IE0001827041,CRG,Euronext Dublin
CROSSJECT,FR0011716265,ALCJ,Euronext Growth Paris
CROSSJECT BS,FR0014007HU2,CJBS,Euronext Growth Paris
CROSSWOOD,FR0000050395,CROS,Euronext Paris
CRYSTAL PEAK SHARE,KYG2581M1078,CPA1,Euronext Amsterdam
CRYSTAL PEAK WAR,KYG2581M1151,CPA1W,Euronext Amsterdam
CS GROUP.,FR0007317813,SX,Euronext Paris
CSAM HEALTH GROUP,NO0010894512,CSAM,Euronext Growth Oslo
CTAC,NL0000345577,CTAC,Euronext Amsterdam
CTC ORD SHARES,NL0015000DC9,CTCA1,Euronext Amsterdam
CTC TREAS SHARES,NL0015000F09,CTCT1,Euronext Amsterdam
CTC WARRANTS,NL0015000DD7,CTCW1,Euronext Amsterdam
CTP,NL00150006R6,CTPNV,Euronext Amsterdam
CTT CORREIOS PORT,PTCTT0AM0001,CTT,Euronext Lisbon
CUMULEX,BE0003463685,CLEX,Euronext Brussels
CYBERGUN,FR0014004QR6,ALCYB,Euronext Growth Paris
CYBERGUN BSA 2,FR0013340817,CYBBT,Euronext Growth Paris
CYBERGUN BSA K1,FR0013507977,CYBK1,Euronext Growth Paris
CYBERGUN BSA K2A,FR0013507985,CYBKA,Euronext Growth Paris
CYBERGUN BSA K2B,FR0013508009,CYBKB,Euronext Growth Paris
CYVIZ,NO0010015175,CYVIZ,Euronext Growth Oslo
D.L.S.I.,FR0010404368,ALDLS,Euronext Growth Paris
D'IETEREN GROUP,BE0974259880,DIE,Euronext Brussels
DALATA HOTEL GP.,IE00BJMZDW83,DHG,Euronext Dublin
DAMARIS,FR0000077885,MLDAM,Euronext Access Paris
DAMARTEX,FR0000185423,ALDAR,Euronext Growth Paris
DANONE,FR0000120644,BN,Euronext Paris
DASSAULT AVIATION,FR0014004L86,AM,Euronext Paris
DASSAULT SYS NV22,FR00140078T7,DSYNV,Euronext Paris
DASSAULT SYSTEMES,FR0014003TT8,DSY,Euronext Paris
DATALEX PLC,IE0000527006,DLE,Euronext Growth Dublin
DBT,FR0013066750,ALDBT,Euronext Growth Paris
DBV TECHNOLOGIES,FR0010417345,DBV,Euronext Paris
DECEUNINCK,BE0003789063,DECB,Euronext Brussels
DEE TECH SHARES,FR0014003G01,DEE,Euronext Paris
DEE TECH WARRANTS,FR0014003G19,DEEW,Euronext Paris
DEEP VALUE DRILLER,NO0010955917,DVD,Euronext Growth Oslo
DEINOVE,FR0010879056,ALDEI,Euronext Growth Paris
DEKUPLE,FR0000062978,DKUPL,Euronext Paris
DELFINGEN,FR0000054132,ALDEL,Euronext Growth Paris
DELTA DRONE,FR0011522168,ALDR,Euronext Growth Paris
DELTA DRONE BSA Y,FR0013400991,ALDBY,Euronext Growth Paris
DELTA PLUS GROUP,FR0013283108,ALDLT,Euronext Growth Paris
DERICHEBOURG,FR0000053381,DBG,Euronext Paris
DESERT CONTROL,NO0010963275,DSRT,Euronext Growth Oslo
DESIGN YOUR HOME,SE0007045380,MLDYH,Euronext Access Paris
DEVERNOIS,FR0000060840,ALDEV,Euronext Growth Paris
DEXIA,BE0974290224,DEXB,Euronext Expert Market
DGB GROUP N.V.,NL0009169515,DGB,Euronext Amsterdam
DIAGEO,GB0002374006,DGE,Euronext Paris
DIAGEO PLC,GB0002374006,GUI1,Euronext Dublin
DIAGNOSTIC MEDICAL,FR0012202497,DGM,Euronext Paris
DIEGEM KENNEDYCERT,BE0003698124,DIEG,Euronext Brussels
DISRUPTIVE CAP SHA,GG00BMB5XZ39,DCACS,Euronext Amsterdam
DISRUPTIVE CAP WAR,GG00BMB5XY22,DCACW,Euronext Amsterdam
DISTRI-LAND CERT,BE0003605160,DISL,Euronext Brussels
DNXCORP,FR0010436584,ALDNX,Euronext Growth Paris
DOCK.PETR.AMBES AM,FR0000065260,DPAM,Euronext Paris
DOLFINES,FR0014004QZ9,ALDOL,Euronext Growth Paris
DONEGAL INVESTMENT,IE00BLRPQQ22,DQ7A,Euronext Growth Dublin
DONTNOD,FR0013331212,ALDNE,Euronext Growth Paris
DPA GROUP,NL0009197771,DPA,Euronext Amsterdam
DRONE VOLT,FR0013088606,ALDRV,Euronext Growth Paris
DRONE VOLT BS26,FR0014007951,BNBS,Euronext Growth Paris
DSC2,NL00150000S7,DSC2,Euronext Amsterdam
DSC2 TREAS SHARES,NL00150002R5,DSC2S,Euronext Amsterdam
DSM KON,NL0000009827,DSM,Euronext Amsterdam
DUTCH STAR C W11,NL00150000T5,DSCW1,Euronext Amsterdam
DUTCH STAR C W12,NL00150000U3,DSCW2,Euronext Amsterdam
DUTCH STAR C W13,NL00150000V1,DSCW3,Euronext Amsterdam
DYNAFOND,FR0000052920,MLDYN,Euronext Access Paris
DYNEX ENERGY SA,LU0881232630,MLDYX,Euronext Access Paris
E PANGO,FR0014004339,ALAGO,Euronext Growth Paris
EAM SOLAR,NO0010607781,EAM,Euronext Expand Oslo
EASE2PAY NV,NL0000345627,EAS2P,Euronext Amsterdam
EASSON HOLDINGS,HK0000038783,MLEAS,Euronext Access Paris
EAUX DE ROYAN,FR0007200100,MLEDR,Euronext Access Paris
EAVS,FR0010536185,MLEAV,Euronext Access Paris
EBUSCO HOLDING,NL0015000CZ2,EBUS,Euronext Amsterdam
ECIT AS B-AKSJER,NO0010939804,ECIT,Euronext Growth Oslo
ECOLUTIONS,DE000A0XYM45,MLECO,Euronext Access Paris
ECOMIAM,FR0013534617,ALECO,Euronext Growth Paris
ECONOCOM GROUP,BE0974313455,ECONB,Euronext Brussels
ECOONLINE HOLDING,NO0010936891,ECO,Euronext Growth Oslo
ECOSLOPS,FR0011490648,ALESA,Euronext Growth Paris
EDENRED,FR0010908533,EDEN,Euronext Paris
EDF,FR0010242511,EDF,Euronext Paris
EDILIZIACROBATICA,IT0005351504,ALEAC,Euronext Growth Paris
EDITIONS DU SIGNE,FR0000052755,MLEDS,Euronext Access Paris
EDP,PTEDP0AM0009,EDP,Euronext Lisbon
EDP RENOVAVEIS,ES0127797019,EDPR,Euronext Lisbon
EDUNIVERSAL,FR0010439265,MLEDU,Euronext Access Paris
EES,FR0010945733,MLEES,Euronext Access Paris
EFIC1 ORD SHARES,NL00150006Z9,EFIC1,Euronext Amsterdam
EFIC1 TREASURY SH,NL00150009J7,EFICT,Euronext Amsterdam
EFIC1 WARRANTS,NL00150007A0,EFICW,Euronext Amsterdam
EGIDE,FR0000072373,GID,Euronext Paris
EHC ORD SHARES,NL0015000K10,EHCS,Euronext Amsterdam
EHC TREAS SHARES,NL0015000K02,EHCT,Euronext Amsterdam
EHC WARRANTS,NL0015000K28,EHCW,Euronext Amsterdam
EIFFAGE,FR0000130452,FGR,Euronext Paris
EKINOPS,FR0011466069,EKI,Euronext Paris
EKOPAK,BE0974380124,EKOP,Euronext Brussels
ELEC.STRASBOURG,FR0000031023,ELEC,Euronext Paris
ELECT. MADAGASCAR,FR0000035719,EEM,Euronext Paris
ELEKTROIMPORTØREN,NO0010911902,ELIMP,Euronext Growth Oslo
ELIA GROUP,BE0003822393,ELI,Euronext Brussels
ELIOR GROUP,FR0011950732,ELIOR,Euronext Paris
ELIS,FR0012435121,ELIS,Euronext Paris
ELLIPTIC LABORATOR,NO0010722283,ELABS,Euronext Growth Oslo
ELOP,NO0010864036,ELOP,Euronext Growth Oslo
EMD MUSIC,BE0003849669,EMD,Euronext Expert Market
EMOVA GROUP,FR0013356755,ALEMV,Euronext Growth Paris
ENCRES DUBUIT,FR0004030708,ALDUB,Euronext Growth Paris
ENENSYS,FR0013330792,ALNN6,Euronext Growth Paris
ENERGISME,FR0013399359,ALNRG,Euronext Growth Paris
ENERTIME,FR0011915339,ALENE,Euronext Growth Paris
ENGAGE XR HOLDINGS,IE00BG0HDR01,EXR,Euronext Growth Dublin
ENGIE,FR0010208488,ENGI,Euronext Paris
ENOGIA,FR0014004974,ALENO,Euronext Growth Paris
ENTECH,FR0014004362,ALESE,Euronext Growth Paris
ENTP ORD SHARES,NL0015000F82,ENTPA,Euronext Amsterdam
ENTP TREAS SHARES,NL0015000F90,ENTPT,Euronext Amsterdam
ENTP WARRANTS,NL0015000FD2,ENTPW,Euronext Amsterdam
ENTREPARTICULIERS,FR0010424697,ALENT,Euronext Growth Paris
ENTREPRENDRE,FR0000045122,ALENR,Euronext Growth Paris
ENVEA,FR0010278762,ALTEV,Euronext Growth Paris
ENVIPCO,NL0015000GX8,ENVI,Euronext Amsterdam
ENVIPCO HOLDING,NL0015000GX8,ENVIP,Euronext Growth Oslo
EO2,FR0010465534,ALEO2,Euronext Growth Paris
EPIC Ord Shares,KYG3166N1060,EPIC,Euronext Amsterdam
EPIC WARRANTS,KYG3166N1144,EPICW,Euronext Amsterdam
ERAMET,FR0000131757,ERA,Euronext Paris
ERYTECH PHARMA,FR0011471135,ERYP,Euronext Paris
ESG CORE INVEST,NL00150006O3,ESG,Euronext Amsterdam
ESG CORE TREAS SHA,NL00150006Q8,ESGT,Euronext Amsterdam
ESG CORE WARRANTS,NL00150006P0,ESGWA,Euronext Amsterdam
ESI GROUP,FR0004110310,ESI,Euronext Paris
ESKER,FR0000035818,ALESK,Euronext Growth Paris
ESPERITE,NL0009272137,ESP,Euronext Amsterdam
ESSILORLUXOTTICA,FR0000121667,EL,Euronext Paris
ESSO,FR0000120669,ES,Euronext Paris
ESTORIL SOL N,PTESO0AM0000,ESON,Euronext Lisbon
EURASIA FONC INV,FR0000061475,EFI,Euronext Paris
EURASIA GROUPE,FR0010844001,ALEUA,Euronext Growth Paris
EURAZEO,FR0000121121,RF,Euronext Paris
EURO RESSOURCES,FR0000054678,EUR,Euronext Paris
EUROBIO-SCIENTIFIC,FR0013240934,ALERS,Euronext Growth Paris
EUROCASTLE INVEST.,GB00B94QM994,ECT,Euronext Amsterdam
EUROCOMMERCIAL,NL0015000K93,ECMPA,Euronext Amsterdam
EUROFINS CEREP,FR0013256518,ALECR,Euronext Growth Paris
EUROFINS SCIE NV22,FR0014006O73,ERFNV,Euronext Paris
EUROFINS SCIENT.,FR0014000MR3,ERF,Euronext Paris
EUROLAND CORPORATE,FR0010157115,MLERO,Euronext Access Paris
EUROLOG CANOLA,ES0105586004,MLCAN,Euronext Access Paris
EUROMEDIS GROUPE,FR0000075343,ALEMG,Euronext Growth Paris
EURONAV,BE0003816338,EURN,Euronext Brussels
EURONEXT,NL0006294274,ENX,Euronext Paris
EURONEXT,NL0006294274,ENXP,Euronext Lisbon
EUROPACORP,FR0010490920,ALECP,Euronext Growth Paris
EUROPCAR MOBILITY,FR0012789949,EUCAR,Euronext Paris
EUROPLASMA,FR0013514114,ALEUP,Euronext Growth Paris
EUTELSAT COMMUNIC.,FR0010221234,ETL,Euronext Paris
EVERFUEL,DK0061414711,EFUEL,Euronext Growth Oslo
EVERGREEN,FR0000035784,EGR,Euronext Paris
EVERSET,FR0000044745,MLEVE,Euronext Access Paris
EVOLIS,FR0004166197,ALTVO,Euronext Growth Paris
EVS BROADC.EQUIPM.,BE0003820371,EVS,Euronext Brussels
EXACOMPTA CLAIREF.,FR0000064164,ALEXA,Euronext Growth Paris
EXACT THERAPEUTICS,NO0010852213,EXTX,Euronext Growth Oslo
EXCLUSIVE NETWORKS,FR0014005DA7,EXN,Euronext Paris
EXEL INDUSTRIES,FR0004527638,EXE,Euronext Paris
EXMAR,BE0003808251,EXM,Euronext Brussels
EXPLOSIFS PROD.CHI,FR0014003AQ4,EXPL,Euronext Paris
FACEPHI,ES0105029005,ALPHI,Euronext Growth Paris
FAGRON,BE0003874915,FAGR,Euronext Brussels
FAIFEY INVEST,ES0105553004,MLECE,Euronext Access Paris
FARMINVESTE,PTFNV1AM0002,MLFMV,Euronext Access Lisbon
FASHION B AIR,FR0004034593,ALFBA,Euronext Growth Paris
FASTNED,NL0013654809,FAST,Euronext Amsterdam
FAURECIA,FR0000121147,EO,Euronext Paris
FAUVET GIREL,FR0000063034,FAUV,Euronext Paris
FAYENC.SARREGUEMI.,FR0000031973,FAYE,Euronext Paris
FBD HOLDINGS PLC,IE0003290289,EG7,Euronext Dublin
FD,FR0012300424,MLFDV,Euronext Access Paris
FD TECHNOLOGIES,GB0031477770,GYQ,Euronext Growth Dublin
FDJ,FR0013451333,FDJ,Euronext Paris
FERM.CAS.MUN.CANNE,FR0000062101,FCMC,Euronext Paris
FERMENTALG,FR0011271600,FALG,Euronext Paris
FIDUCIAL OFF.SOL.,FR0000061418,SACI,Euronext Paris
FIDUCIAL REAL EST.,FR0000060535,ORIA,Euronext Paris
FIGEAC AERO,FR0011665280,FGA,Euronext Paris
FIN.ETANG BERRE,FR0000062341,BERR,Euronext Paris
FIN.ETANG BERRE PF,FR0000062507,EBPF,Euronext Paris
FIN.OUEST AFRICAIN,SN0000033192,FOAF,Euronext Paris
FINANCIERE MARJOS,FR0000060824,FINM,Euronext Paris
FINATIS,FR0000035123,FNTS,Euronext Paris
FINAXO,FR0010487272,MLFXO,Euronext Access Paris
FIPP,FR0000038184,FIPP,Euronext Paris
FIRSTCAUTION,CH0120879058,MLFIR,Euronext Access Paris
FLEURY MICHON,FR0000074759,ALFLE,Euronext Growth Paris
FLEXDEAL,PTFXD0AM0018,FLEXD,Euronext Lisbon
FLORIDIENNE,BE0003215143,FLOB,Euronext Brussels
FLOW TRADERS,NL0011279492,FLOW,Euronext Amsterdam
FLOWSPARKS,BE0003847648,UNI,Euronext Access Brussels
FLUTTER ENTERTAIN,IE00BWT6H894,FLTR,Euronext Dublin
FLUXYS BELGIUM D,BE0974265945,FLUX,Euronext Brussels
FLYR,NO0010931900,FLYR,Euronext Growth Oslo
FLYR TR,NO0011198111,FLYRT,Euronext Growth Oslo
FNAC DARTY,FR0011476928,FNAC,Euronext Paris
FNG NV,BE0974332646,FNG,Euronext Brussels
FNPTECHNOLOGIESSA,FR0013230067,MLFNP,Euronext Access Paris
FOCUS HOME INT,FR0012419307,ALFOC,Euronext Growth Paris
FONCIERE 7 INVEST,FR0000065930,LEBL,Euronext Paris
FONCIERE ATLAND,FR0013455482,FATL,Euronext Paris
FONCIERE EURIS,FR0000038499,EURS,Euronext Paris
FONCIERE INEA,FR0010341032,INEA,Euronext Paris
FONCIERE LYONNAISE,FR0000033409,FLY,Euronext Paris
FONCIERE VINDI,FR0011605617,MLVIN,Euronext Access Paris
FONCIERE VOLTA,FR0000053944,SPEL,Euronext Paris
FORESTIERE EQUAT.,CI0000053161,FORE,Euronext Paris
FORFARMERS,NL0011832811,FFARM,Euronext Amsterdam
FORSEE POWER,FR0014005SB3,FORSE,Euronext Paris
FOUNTAIN,BE0003752665,FOU,Euronext Brussels
FOUNTAINE PAJOT,FR0010485268,ALFPC,Euronext Growth Paris
FRANCAISE ENERGIE,FR0013030152,LFDE,Euronext Paris
FRANCE SOIR GROUPE,FR0013222346,MLFSG,Euronext Access Paris
FRANCE TOURISME,FR0010823724,MLFTI,Euronext Access Paris
FREELANCE.COM,FR0004187367,ALFRE,Euronext Growth Paris
FREY,FR0010588079,FREY,Euronext Paris
FUGRO,NL00150003E1,FUR,Euronext Amsterdam
FUT.CLUBE PORTO,PTFCP0AM0008,FCP,Euronext Lisbon
G.A.I.,FR0000053415,MLGAI,Euronext Access Paris
GALAPAGOS,BE0003818359,GLPG,Euronext Amsterdam
GALEO,FR0011100759,MLGAL,Euronext Access Paris
GALIMMO,FR0000030611,GALIM,Euronext Paris
GALP ENERGIA-NOM,PTGAL0AM0009,GALP,Euronext Lisbon
GASCOGNE,FR0000124414,ALBI,Euronext Growth Paris
GAUMONT,FR0000034894,GAM,Euronext Paris
GAUSSIN,FR0013495298,ALGAU,Euronext Growth Paris
GBL,BE0003797140,GBLB,Euronext Brussels
GEA GRENOBL.ELECT.,FR0000053035,GEA,Euronext Paris
GECI INTL,FR0000079634,ALGEC,Euronext Growth Paris
GECINA,FR0010040865,GFC,Euronext Paris
GENERAL ELECTRIC,US3696043013,GNE,Euronext Paris
GENERIX GROUP,FR0010501692,GENX,Euronext Paris
GENEURO,CH0308403085,GNRO,Euronext Paris
GENFIT,FR0004163111,GNFT,Euronext Paris
GENK LOGIST. CERT,BE0003740546,GENK,Euronext Brussels
GENOMIC VISION,FR0011799907,GV,Euronext Paris
GENOWAY,FR0004053510,ALGEN,Euronext Growth Paris
GENSIGHT BIOLOGICS,FR0013183985,SIGHT,Euronext Paris
GENTLEMENS EQUITY,PTGVE1AE0009,MLGEQ,Euronext Access Paris
GEOJUNXION,NL0000430106,GOJXN,Euronext Amsterdam
GEP BSA 2020,FR0013483047,GEPBS,Euronext Growth Paris
GETLINK SE,FR0010533075,GET,Euronext Paris
GEVELOT,FR0000033888,ALGEV,Euronext Growth Paris
GIGANTE SALMON,NO0011013765,GIGA,Euronext Growth Oslo
GIMV,BE0003699130,GIMB,Euronext Brussels
GL EVENTS,FR0000066672,GLO,Euronext Paris
GLANBIA PLC,IE0000669501,GL9,Euronext Dublin
GLENVEAGH PROP.PLC,IE00BD6JX574,GVR,Euronext Dublin
GLINTT,PTPAD0AM0007,GLINT,Euronext Lisbon
GLOBAL BIOENERGIES,FR0011052257,ALGBE,Euronext Growth Paris
GLOBAL PIELAGO,ES0105537007,MLNDG,Euronext Access Paris
GNP ENERGY,NO0010886013,GNP,Euronext Growth Oslo
GOLD BY GOLD,FR0011208693,ALGLD,Euronext Growth Paris
GOLDEN ENERGY OFF,NO0010813843,GEOS,Euronext Growth Oslo
GOUR MEDICAL,FR0013371507,MLGML,Euronext Access Paris
GPE GROUP PIZZORNO,FR0010214064,GPE,Euronext Paris
GPE PAROT (AUTO),FR0013204070,ALPAR,Euronext Growth Paris
GRAINES VOLTZ,FR0000065971,GRVO,Euronext Paris
GREAT WESTERN MIN.,IE00B1FR8863,8GW,Euronext Growth Dublin
GRECEMAR,FR0013406881,MLCMG,Euronext Access Paris
GREEN MINERALS,NO0010907744,GEM,Euronext Growth Oslo
GREENCOAT REN.,IE00BF2NR112,GRP,Euronext Growth Dublin
GREENVOLT,PTGNV0AM0001,GVOLT,Euronext Lisbon
GREENYARD,BE0003765790,GREEN,Euronext Brussels
GROLLEAU,FR0014005ZM5,ALGRO,Euronext Growth Paris
GRONG SPAREBANK,NO0010636491,GRONG,Euronext Growth Oslo
GROUP SFIT,FR00140066X4,MLSFI,Euronext Access Paris
GROUPE BERKEM,FR00140069V2,ALKEM,Euronext Growth Paris
GROUPE CARNIVOR,FR0000076960,MLGRC,Euronext Access Paris
GROUPE CASOL,FR0014003RM7,MLCAS,Euronext Access Paris
GROUPE CRIT,FR0000036675,CEN,Euronext Paris
GROUPE FLO,FR0014004X25,FLO,Euronext Paris
GROUPE GORGE,FR0000062671,GOE,Euronext Paris
GROUPE GUILLIN,FR0012819381,ALGIL,Euronext Growth Paris
GROUPE IRD,FR0000124232,IRD,Euronext Paris
GROUPE JAJ,FR0004010338,GJAJ,Euronext Paris
GROUPE LDLC,FR0000075442,ALLDL,Euronext Growth Paris
GROUPE OPEN,FR0004050300,OPN,Euronext Paris
GROUPE PARTOUCHE,FR0012612646,PARP,Euronext Paris
GROUPE PLUS-VALUES,FR0010529719,MLPVG,Euronext Access Paris
GROUPE SFPI,FR0004155000,SFPI,Euronext Paris
GROUPE TERA,FR0013429404,ALGTR,Euronext Growth Paris
GROUPIMO,FR0014000RP6,ALIMO,Euronext Growth Paris
GT BIOPHARMA INC,US36254L2097,GTBP,Euronext Paris
GTT,FR0011726835,GTT,Euronext Paris
GUANDAO PUER INVES,LU1840650458,MLGDI,Euronext Access Paris
GUERBET,FR0000032526,GBT,Euronext Paris
GUILLEMOT,FR0000066722,GUI,Euronext Paris
H2O INNOVATION INC,CA4433003064,ALHEO,Euronext Growth Paris
HAL TRUST,BMG455841020,HAL,Euronext Amsterdam
HAMILTON GLOBAL OP,GB00BMDXQ672,ALHGO,Euronext Growth Paris
HAMMERSON PLC,GB00BK7YQK64,HMSO,Euronext Dublin
HAMON,BE0974352842,HAMO,Euronext Brussels
HARMONYCHAIN,NO0010921299,HMONY,Euronext Growth Oslo
HAULOTTE GROUP,FR0000066755,PIG,Euronext Paris
HAV GROUP,NO0010931918,HAV,Euronext Growth Oslo
HAVILA KYSTRUTEN,NO0011045429,HKY,Euronext Growth Oslo
HDF,FR0014003VY4,HDF,Euronext Paris
HEALTH,FR0013251584,MLAHC,Euronext Access Paris
HEALTHBEACON SHA,IE00014QAJZ5,HBCN,Euronext Growth Dublin
HEALTHCARE ACTIVOS,ES0105498002,MLHAY,Euronext Access Paris
HEDOSOPHIA ORD SHA,KYG4406A1022,HEGA,Euronext Amsterdam
HEDOSOPHIA UNITS,KYG4406A1287,HEGAU,Euronext Amsterdam
HEDOSOPHIA WARRANT,KYG4406A1105,HEGAW,Euronext Amsterdam
HEIJMANS,NL0009269109,HEIJM,Euronext Amsterdam
HEINEKEN,NL0000009165,HEIA,Euronext Amsterdam
HEINEKEN HOLDING,NL0000008977,HEIO,Euronext Amsterdam
HERIGE,FR0000066540,ALHRG,Euronext Growth Paris
HERMES INTL,FR0000052292,RMS,Euronext Paris
HEXAGON PURUS,NO0010904923,HPUR,Euronext Growth Oslo
HEXAOM,FR0004159473,HEXA,Euronext Paris
HF COMPANY,FR0000038531,ALHF,Euronext Growth Paris
HIBERNIA REIT PLC,IE00BGHQ1986,HBRN,Euronext Dublin
HIGH CO,FR0000054231,HCO,Euronext Paris
HIMALAYA SHIPPING,BMG4660A1036,HSHIP,Euronext Growth Oslo
HIOLLE INDUSTRIES,FR0000077562,ALHIO,Euronext Growth Paris
HIPAY GROUP,FR0012821916,ALHYP,Euronext Growth Paris
HITECHPROS,FR0010396309,ALHIT,Euronext Growth Paris
HK,DE000A11Q133,MLHK,Euronext Access Paris
HOCHE BAINS L.BAIN,FR0000051302,MLHBB,Euronext Access Paris
HÖEGH AUTOLINERS,NO0011082075,HAUTO,Euronext Growth Oslo
HOFFMANN,FR0013451044,ALHGR,Euronext Growth Paris
Holcim Ltd,CH0012214059,HOLN,Euronext Paris
HOLLAND COLOURS,NL0000440311,HOLCO,Euronext Amsterdam
HOME CONCEPT,FR0012336691,MLHCF,Euronext Access Paris
HOME INVEST BE.,BE0003760742,HOMI,Euronext Brussels
HOPENING,FR0010312181,MLHPE,Euronext Access Paris
HOPIUM,FR0014000U63,MLHPI,Euronext Access Paris
HOPSCOTCH GROUPE,FR0000065278,HOP,Euronext Paris
HORISONT ENERGI,NO0010917339,HRGI,Euronext Growth Oslo
HOSTELWORLD GROUP,GB00BYYN4225,HSW,Euronext Dublin
HOT.MAJESTIC CANNE,FR0006226791,MLHMC,Euronext Access Paris
HOTELIM,FR0000053738,MLHOT,Euronext Access Paris
HOTELS DE PARIS,FR0004165801,HDP,Euronext Paris
HOTL.IMMOB.NICE,FR0006563904,MLHIN,Euronext Access Paris
HOUSE OF CONTROL,NO0010781818,HOC,Euronext Growth Oslo
HUDDLESTOCK FINTEC,NO0010859648,HUDL,Euronext Growth Oslo
HUDDLY,NO0010776990,HDLY,Euronext Growth Oslo
HUNTER DOUGLAS,ANN4327C1220,HDG,Euronext Amsterdam
HUNTER DOUGLAS,ANN4327C1303,HUNDP,Euronext Amsterdam
HUNTER GROUP,NO0010283211,HUNT,Euronext Expand Oslo
HYBRID SOFTWARE GR,GB00BYN5BY03,HYSG,Euronext Brussels
HYBRIGENICS,FR0004153930,ALHYG,Euronext Growth Paris
HYDRATEC,NL0009391242,HYDRA,Euronext Amsterdam
HYDRAULIQUE PB,FR0000064735,MLHYD,Euronext Access Paris
HYDRO-EXPLOIT.,FR0005843125,MLHYE,Euronext Access Paris
HYDROGEN REFUELING,FR0014001PM5,ALHRS,Euronext Growth Paris
HYDROGENPRO,NO0010892359,HYPRO,Euronext Growth Oslo
HYLORIS,BE0974363955,HYL,Euronext Brussels
HYNION,NO0010920945,HYN,Euronext Growth Oslo
I.CERAM,FR0014005IU4,ALICR,Euronext Growth Paris
I2PO SHARES,FR0014004J15,I2PO,Euronext Paris
I2PO WARRANTS,FR0014004JF6,I2POW,Euronext Paris
I2S,FR0005854700,ALI2S,Euronext Growth Paris
IANTE INVESTMENTS,ES0105479002,MLINT,Euronext Access Paris
IBA,BE0003766806,IBAB,Euronext Brussels
ICADE,FR0000035081,ICAD,Euronext Paris
ICE FISH FARM,NO0010884794,IFISH,Euronext Growth Oslo
ICE GROUP,NO0010734742,ICEGR,Euronext Expand Oslo
ICELANDIC SALMON,NO0010724701,ISLAX,Euronext Growth Oslo
ID LOGISTICS GROUP,FR0010929125,IDL,Euronext Paris
IDI,FR0000051393,IDIP,Euronext Paris
IDS,FR0000079691,MLIDS,Euronext Access Paris
IDSUD,FR0000062184,ALIDS,Euronext Growth Paris
IEP INVEST,BE0003748622,IEP,Euronext Brussels
IEX GROUP NV,NL0010556726,IEX,Euronext Amsterdam
IGE + XAO,FR0000030827,IGE,Euronext Paris
IGIS NEPTUNE,ES0105551008,MLABC,Euronext Access Paris
IKONISYS,FR00140048X2,ALIKO,Euronext Growth Paris
ILBE,IT0005380602,ALIE,Euronext Growth Paris
IMALLIANCE,FR0010086371,MLIML,Euronext Access Paris
IMCD,NL0010801007,IMCD,Euronext Amsterdam
IMERYS,FR0000120859,NK,Euronext Paris
IMM.PARIS.PERLE,FR0006859039,MLIPP,Euronext Access Paris
IMMERSION,FR0013060100,ALIMR,Euronext Growth Paris
IMMO MCC,BE0974287196,MCC,Euronext Brussels
IMMO MOURY,BE0003893139,IMMOU,Euronext Brussels
IMMOB.DASSAULT,FR0000033243,IMDA,Euronext Paris
IMMOBEL,BE0003599108,IMMO,Euronext Brussels
IMMOPOOL,BE0003866838,IMMOP,Euronext Expert Market
IMOB.C GRAO PARA,PTGPA0AP0007,GPA,Euronext Lisbon
IMPLANET,FR0013470168,ALIMP,Euronext Growth Paris
IMPRIMERIE CHIRAT,FR0000065773,MLIMP,Euronext Access Paris
IMPULSE FITNESS,ES0105590006,MLIFS,Euronext Access Paris
INAPA-INV.P.GESTAO,PTINA0AP0008,INA,Euronext Lisbon
INCLUSIO SA/NV,BE0974374069,INCLU,Euronext Brussels
INDLE FIN.ENTREPR.,FR0000066219,INFE,Euronext Paris
INDUCT,NO0010536048,INDCT,Euronext Growth Oslo
INFOCLIP,FR0011158823,MLIFC,Euronext Access Paris
INFOTEL,FR0000071797,INF,Euronext Paris
ING GROEP N.V.,NL0011821202,INGA,Euronext Amsterdam
INMARK,ES0105511002,MLINM,Euronext Access Paris
INMOSUPA,ES0105473005,MLISP,Euronext Access Paris
INNATE PHARMA,FR0010331421,IPH,Euronext Paris
INNELEC MULTIMEDIA,FR0000064297,ALINN,Euronext Growth Paris
INNOVADERMA PLC,GB00BT9PTW34,MLIDP,Euronext Access Paris
INNOVATIVE RFK SPA,IT0005391161,MLIRF,Euronext Access Paris
INPOST,LU2290522684,INPST,Euronext Amsterdam
INSTABANK,NO0010762792,INSTA,Euronext Growth Oslo
INSTALLUX,FR0000060451,ALLUX,Euronext Growth Paris
INTEGRAGEN,FR0010908723,ALINT,Euronext Growth Paris
INTEGRATED WIND SO,NO0010955883,IWS,Euronext Growth Oslo
INTEGRITAS VIAGER,FR0014003FN0,MLVIE,Euronext Access Paris
INTERPARFUMS,FR0004024222,ITP,Euronext Paris
INTERTRUST,NL0010937058,INTER,Euronext Amsterdam
INTERVEST OFF-WARE,BE0003746600,INTO,Euronext Brussels
INTEXA,FR0000064958,ITXT,Euronext Paris
INTRASENSE,FR0011179886,ALINS,Euronext Growth Paris
INVENTIVA,FR0013233012,IVA,Euronext Paris
INVIBES ADVERTSING,BE0974299316,ALINV,Euronext Growth Paris
IOC HOLDING,BE6200101556,MLIOC,Euronext Access Paris
IPOSA PROPERTIES,ES0105417002,MLIPO,Euronext Access Paris
IPSEN,FR0010259150,IPN,Euronext Paris
IPSOS,FR0000073298,IPS,Euronext Paris
IPSOS NV22,FR00140078W1,IPSNV,Euronext Paris
IRISH CONT. GP.,IE00BLP58571,IR5B,Euronext Dublin
IRISH RES. PROP.,IE00BJ34P519,IRES,Euronext Dublin
ISPD,ES0109429037,ALISP,Euronext Growth Paris
IT LINK,FR0000072597,ALITL,Euronext Growth Paris
ITALY INNOVAZIONI,IT0005336521,MLITN,Euronext Access Paris
ITESOFT,FR0004026151,ITE,Euronext Paris
JACQUES BOGART,FR0012872141,JBOG,Euronext Paris
JACQUET METALS,FR0000033904,JCQ,Euronext Paris
JC DECAUX SA.,FR0000077919,DEC,Euronext Paris
JDE PEET'S,NL0014332678,JDEP,Euronext Amsterdam
JENSEN-GROUP,BE0003858751,JEN,Euronext Brussels
JSA TECHNOLOGY,FR0010680033,MLJSA,Euronext Access Paris
JUST EAT TAKEAWAY,NL0012015705,TKWY,Euronext Amsterdam
KALERA,NO0010874597,KAL,Euronext Growth Oslo
KALRAY,FR0010722819,ALKAL,Euronext Growth Paris
KAUFMAN ET BROAD,FR0004007813,KOF,Euronext Paris
KBC,BE0003565737,KBC,Euronext Brussels
KBC ANCORA,BE0003867844,KBCA,Euronext Brussels
KENDRION,NL0000852531,KENDR,Euronext Amsterdam
KENMARE RESOURCES,IE00BDC5DG00,KMR,Euronext Dublin
KERING,FR0000121485,KER,Euronext Paris
KERLINK,FR0013156007,ALKLK,Euronext Growth Paris
KERRY GROUP PLC,IE0004906560,KRZ,Euronext Dublin
KEYRUS,FR0004029411,ALKEY,Euronext Growth Paris
KEYWARE TECH.,BE0003880979,KEYW,Euronext Brussels
KINEPOLIS GROUP,BE0974274061,KIN,Euronext Brussels
KINGSPAN GROUP PLC,IE0004927939,KRX,Euronext Dublin
KKO INTERNATIONAL,FR0013374667,ALKKO,Euronext Growth Paris
KLARSEN,FR0011038348,ALKLA,Euronext Growth Paris
KLEPIERRE,FR0000121964,LI,Euronext Paris
KLIMVEST,GB00B19RTX44,ALSIM,Euronext Growth Paris
KOMPUESTOS,ES0105425005,ALKOM,Euronext Growth Paris
KORIAN,FR0010386334,KORI,Euronext Paris
KPN KON,NL0000009082,KPN,Euronext Amsterdam
KRAFT BANK,NO0010815103,KRAB,Euronext Growth Oslo
KTESIOS REAL ESTAT,ES0105536009,MLKTS,Euronext Access Lisbon
KUMULUS VAPE,FR0013419876,ALVAP,Euronext Growth Paris
KUMULUSBSA2020,FR0014001KF0,VAPBS,Euronext Growth Paris
KYOTO GROUP,NO0010936750,KYOTO,Euronext Growth Oslo
L'OREAL,FR0000120321,OR,Euronext Paris
LA PERLA FASHION,NL0012191662,ALPER,Euronext Growth Paris
LACROIX GROUP,FR0000066607,LACR,Euronext Paris
LAGARDERE SA,FR0000130213,MMB,Euronext Paris
LANSON-BCC,FR0004027068,ALLAN,Euronext Growth Paris
LARGO,FR0013308582,ALLGO,Euronext Growth Paris
LATECOERE,FR0000032278,LAT,Euronext Paris
LAURENT-PERRIER,FR0006864484,LPE,Euronext Paris
LAVIDE HOLDING,NL0010545679,LVIDE,Euronext Amsterdam
LDC,FR0013204336,LOUP,Euronext Paris
LE TANNEUR,FR0000075673,ALTAN,Euronext Growth Paris
LEBON,FR0000121295,LBON,Euronext Paris
LECTRA,FR0000065484,LSS,Euronext Paris
LECTRA NV22,FR00140078U5,LSSNV,Euronext Paris
LEGRAND,FR0010307819,LR,Euronext Paris
LES AGENCES DE PAP,FR0014003I41,MLPAP,Euronext Access Paris
LES HOTELS BAVEREZ,FR0007080254,ALLHB,Euronext Growth Paris
LESTQBLANC202212BS,FR0013483401,TBMBT,Euronext Growth Paris
LEXIBOOK LINGUIST.,FR0000033599,ALLEX,Euronext Growth Paris
LIFECARE,NO0010591191,LIFE,Euronext Growth Oslo
LINEDATA SERVICES,FR0004156297,LIN,Euronext Paris
LISGRAFICA,PTLIG0AE0002,LIG,Euronext Lisbon
LISI,FR0000050353,FII,Euronext Paris
LITHO FORMAS,PTLIT0AE0005,LIT,Euronext Access Lisbon
LLEIDA,ES0105089009,ALLLN,Euronext Growth Paris
LNA SANTE,FR0004170017,LNA,Euronext Paris
LOCASYSTEM INTL,FR0004155208,MLLOI,Euronext Access Paris
LOGIC INSTRUMENT,FR0000044943,ALLOG,Euronext Growth Paris
LOGIS CONFORT,ES0105333001,MLLOG,Euronext Access Paris
LOMBARD ET MEDOT,FR0006205019,MLCAC,Euronext Access Paris
LOTUS BAKERIES,BE0003604155,LOTB,Euronext Brussels
LUCASBOLS,NL0010998878,BOLS,Euronext Amsterdam
LUCIBEL,FR0011884378,ALUCI,Euronext Growth Paris
LUCIBEL BS,FR0013525953,LUCBS,Euronext Growth Paris
LUMI GRUPPEN,NO0010927288,LUMI,Euronext Growth Oslo
LUMIBIRD,FR0000038242,LBIRD,Euronext Paris
LV4S,BE6201089735,MLV4S,Euronext Access Paris
LVMH,FR0000121014,MC,Euronext Paris
LYSOGENE,FR0013233475,LYS,Euronext Paris
LYTIX BIOPHARMA,NO0010405780,LYTIX,Euronext Growth Oslo
M VEST WATER,NO0010976343,MVW,Euronext Growth Oslo
M.R.M,FR0000060196,MRM,Euronext Paris
M2I,FR0013270626,ALMII,Euronext Growth Paris
MAAT PHARMA,FR0012634822,MAAT,Euronext Paris
MADE,FR0010328302,MLMAD,Euronext Access Paris
MADVERTISE,FR0010812230,ALMNG,Euronext Growth Paris
MAGILLEM,FR0010827741,MLMGL,Euronext Access Paris
MAIS.ANTOINE BAUD,FR0000061657,MLMAB,Euronext Access Paris
MAISON CLIO BLUE,FR0011092089,MLCLI,Euronext Access Paris
MAISONS DU MONDE,FR0013153541,MDM,Euronext Paris
MAJOREL GROUP LUX,LU2382956378,MAJ,Euronext Amsterdam
MAKHEIA GROUP,FR0000072993,ALMAK,Euronext Growth Paris
MAKING SCIENCE,ES0105463006,ALMKS,Euronext Growth Paris
MALIN CORP. PLC,IE00BVGC3741,MLC,Euronext Growth Dublin
MALTERIES FCO-BEL.,FR0000030074,MALT,Euronext Paris
MANITOU BF,FR0000038606,MTU,Euronext Paris
MANUTAN INTL,FR0000032302,MAN,Euronext Paris
MAQ ADMON. URBANAS,ES0105447009,MLMAQ,Euronext Access Paris
MARE NOSTRUM,FR0013400835,ALMAR,Euronext Growth Paris
MAREL,IS0000000388,MAREL,Euronext Amsterdam
MAROC TELECOM,MA0000011488,IAM,Euronext Paris
MARTIFER,PTMFR0AM0003,MAR,Euronext Lisbon
MÅSØVAL,NO0010974983,MAS,Euronext Growth Oslo
MASTRAD,FR0004155687,ALMAS,Euronext Growth Paris
MASTRAD BS29,FR0013472446,MASBS,Euronext Growth Paris
MAUNA KEA TECH,FR0010609263,MKEA,Euronext Paris
MAUREL ET PROM,FR0000051070,MAU,Euronext Paris
MBWS,FR0000060873,MBWS,Euronext Paris
MBWS BSA 2022,FR0013404944,MBWBT,Euronext Paris
MBWS BSAR 2023,FR0013066313,MBWSZ,Euronext Paris
MCPHY ENERGY,FR0011742329,MCPHY,Euronext Paris
MDXHEALTH,BE0003844611,MDXH,Euronext Brussels
MEDESIS PHARMA,FR0010844464,ALMDP,Euronext Growth Paris
MEDIA 6,FR0000064404,EDI,Euronext Paris
MEDIA CAPITAL,PTGMC0AM0003,MCP,Euronext Lisbon
MEDIA LAB,IT0005324105,MLLAB,Euronext Access Paris
MEDIA MAKER,IT0005380438,ALKER,Euronext Growth Paris
MEDIANTECHNOLOGIES,FR0011049824,ALMDT,Euronext Growth Paris
MEDINCELL,FR0004065605,MEDCL,Euronext Paris
MEDIOCREDITO EUROP,IT0004844848,MLMCE,Euronext Access Paris
MELEXIS,BE0165385973,MELE,Euronext Brussels
MEMSCAP REGPT,FR0010298620,MEMS,Euronext Paris
MERCIALYS,FR0010241638,MERY,Euronext Paris
MERCK AND CO INC,US58933Y1055,MRK,Euronext Paris
MERIDIA RE IV,ES0105559001,MLMIV,Euronext Access Paris
MERLIN PROPERTIES,ES0105025003,MRL,Euronext Lisbon
MERSEN,FR0000039620,MRN,Euronext Paris
METABOLIC EXPLORER,FR0004177046,METEX,Euronext Paris
METALLIANCE,FR0010492181,MLETA,Euronext Access Paris
METHANOR,FR0011217710,ALMET,Euronext Growth Paris
METHORIOS CAPITAL,IT0004615396,ALMTH,Euronext Growth Paris
METRICS IN BALANCE,BE0974328602,MLMIB,Euronext Access Paris
METROPOLE TV,FR0000053225,MMT,Euronext Paris
MG INTERNATIONAL,FR0010204453,ALMGI,Euronext Growth Paris
MGI DIGITAL GRAPHI,FR0010353888,ALMDG,Euronext Growth Paris
MICHELIN,FR0000121261,ML,Euronext Paris
MICROPOLE,FR0000077570,MUN,Euronext Paris
MICROSKIN,GB00BF553726,MLSKN,Euronext Access Paris
MIGUET ET ASSOCIES,FR0010500363,MLNMA,Euronext Access Paris
MIKO,BE0003731453,MIKO,Euronext Brussels
MILIBOO,FR0013053535,ALMLB,Euronext Growth Paris
MINCON GROUP PLC,IE00BD64C665,MIO,Euronext Growth Dublin
MINT,FR0004172450,ALBUD,Euronext Growth Paris
MINTRA HOLDING,NO0010895022,MNTR,Euronext Growth Oslo
MITHRA,BE0974283153,MITRA,Euronext Brussels
MKB Nedsense,NL0009312842,NEDSE,Euronext Amsterdam
MLD,FR0013268067,MLAMY,Euronext Access Paris
MND,FR00140050Q2,ALMND,Euronext Growth Paris
MOLTEN VENTURES,GB00BY7QYJ50,GRW,Euronext Dublin
MONCEY (FIN.) NOM.,FR0000076986,MONC,Euronext Paris
MONFINANCIER,FR0010882886,MLMON,Euronext Access Paris
MONTEA,BE0003853703,MONT,Euronext Brussels
MONUMENTAL RES,PTMNN0AE0006,MLMR,Euronext Access Lisbon
MOPOLI,NL0000488153,MOP,Euronext Brussels
MOPOLI FOND,NL0000488161,MOPF,Euronext Brussels
MOREFIELD GROUP,CWN814651014,MORE,Euronext Amsterdam
MOTA ENGIL,PTMEN0AE0005,EGL,Euronext Lisbon
MOTORK,GB00BMXH3352,MTRK,Euronext Amsterdam
MOULINVEST,FR0011033083,ALMOU,Euronext Growth Paris
MOURY CONSTRUCT,BE0003602134,MOUR,Euronext Brussels
MPC ENERGY SOLUTIO,NL0015268814,MPCES,Euronext Growth Oslo
MR BRICOLAGE,FR0004034320,ALMRB,Euronext Growth Paris
MTD FINANCE,FR0010518936,MLMTD,Euronext Access Paris
MULANN,FR0012990968,MLMUL,Euronext Access Paris
MULTI 24,PTMUS0AM0018,MLM24,Euronext Access Lisbon
MUNIC,FR0013462231,ALMUN,Euronext Growth Paris
MUSEE GREVIN,FR0000037970,GREV,Euronext Paris
NACON,FR0013482791,NACON,Euronext Paris
NAI ORD SHARES,NL0015000CG2,NAI,Euronext Amsterdam
NAI TREAS SHARES,NL0015000CF4,NAITR,Euronext Amsterdam
NAI WARRANTS,NL0015000CH0,NAIW,Euronext Amsterdam
NAMR,FR0014003J32,ALNMR,Euronext Growth Paris
NANOBIOTIX,FR0011341205,NANO,Euronext Paris
NAVYA,FR0013018041,NAVYA,Euronext Paris
NEDAP,NL0000371243,NEDAP,Euronext Amsterdam
NEOCOM MULTIMEDIA,FR0004157543,MLNEO,Euronext Access Paris
NEOEN,FR0011675362,NEOEN,Euronext Paris
NEOLIFE,FR0011636083,ALNLF,Euronext Growth Paris
NEOLIFE BS,FR0013282936,NLFBS,Euronext Growth Paris
NEOVACS,FR0004032746,ALNEV,Euronext Growth Paris
NEPI ROCKCASTLE,IM00BDD7WV31,NRP,Euronext Amsterdam
NETGEM,FR0004154060,ALNTG,Euronext Growth Paris
NETOIL CAPITAL,GB00BF2PG875,NOC,Euronext Growth Oslo
NEUFCOUR-FIN.,BE0003680916,MLNEU,Euronext Access Brussels
NEURONES,FR0004050250,NRO,Euronext Paris
NEW SOURCES ENERGY,NL0009822014,NSE,Euronext Amsterdam
NEWAYS ELECTRONICS,NL0000440618,NEWAY,Euronext Amsterdam
NEWTREE,BE0003832491,NEWT,Euronext Access Brussels
NEXANS,FR0000044448,NEX,Euronext Paris
NEXITY,FR0010112524,NXI,Euronext Paris
NEXPONOR-SICAFI,PTNEX0AM0002,ALNOR,Euronext Growth Lisbon
NEXTEDIA,FR0004171346,ALNXT,Euronext Growth Paris
NEXTENSA,BE0003770840,NEXTA,Euronext Brussels
NEXTSTAGE,FR0012789386,NEXTS,Euronext Paris
NFL BIOSCIENCES,FR0014003XT0,ALNFL,Euronext Growth Paris
NHOA,FR0012650166,NHOA,Euronext Paris
NICOX,FR0013018124,COX,Euronext Paris
NIDAROS SPAREBANK,NO0010733082,NISB,Euronext Growth Oslo
NN GROUP,NL0010773842,NN,Euronext Amsterdam
NOKIA,FI0009000681,NOKIA,Euronext Paris
NORCOD,NO0010892912,NCOD,Euronext Growth Oslo
NORDHEALTH A-AKSJE,NO0011002651,NORDH,Euronext Growth Oslo
NORDIC AQUA PART,DK0061414638,NOAP,Euronext Growth Oslo
NORDIC HALIBUT,NO0003058109,NOHAL,Euronext Growth Oslo
NORDIC MINING,NO0010317340,NOM,Euronext Expand Oslo
NORDIC UNMANNED,NO0010907090,NUMND,Euronext Growth Oslo
NORSE ATLANTIC,NO0010946445,NORSE,Euronext Growth Oslo
NORSK SOLAR,NO0010941925,NSOL,Euronext Growth Oslo
NORSK TITANIUM,NO0010969108,NTI,Euronext Growth Oslo
NORTEL,NO0010900087,NTEL,Euronext Growth Oslo
NORTH ENERGY,NO0010550056,NORTH,Euronext Expand Oslo
NORWEGIAN BLOCK EX,NO0010984966,NBX,Euronext Growth Oslo
"NOS, SGPS",PTZON0AM0006,NOS,Euronext Lisbon
NOVACYT,FR0010397232,ALNOV,Euronext Growth Paris
NOVATECH IND.,FR0000185464,MLNOV,Euronext Access Paris
NOXXON,NL0012044762,ALNOX,Euronext Growth Paris
NR21,FR0014001PV6,NR21,Euronext Paris
NRJ GROUP,FR0000121691,NRG,Euronext Paris
NSC GROUPE,FR0000064529,ALNSC,Euronext Growth Paris
NSE,FR0004065639,ALNSE,Euronext Growth Paris
NSI N.V.,NL0012365084,NSI,Euronext Amsterdam
NX FILTRATION,NL0015000D50,NXFIL,Euronext Amsterdam
NYKODE THERAPEUTIC,NO0010714785,NYKD,Euronext Growth Oslo
NYRSTAR,BE0974294267,NYR,Euronext Brussels
NYXOAH,BE0974358906,NYXH,Euronext Brussels
O SORBET D AMOUR,FR0013072741,MLOSA,Euronext Access Paris
OBER,FR0010330613,ALOBR,Euronext Growth Paris
OBIZ,FR0014003711,ALBIZ,Euronext Growth Paris
OBSERVE MEDICAL,NO0010865009,OBSRV,Euronext Expand Oslo
OCEAN SUN,NO0010887565,OSUN,Euronext Growth Oslo
OCI,NL0010558797,OCI,Euronext Amsterdam
OCTOPUS BIOSAFETY,FR0013310281,MLOCT,Euronext Access Paris
ODYSSEY ORD SHARES,LU2355630455,ODYSY,Euronext Amsterdam
ODYSSEY WARRANTS,LU2355630968,ODYSW,Euronext Amsterdam
OENEO,FR0000052680,SBT,Euronext Paris
OL GROUPE,FR0010428771,OLG,Euronext Paris
OLIMPO REAL ESTATE,PTOTP0AM0004,MLORE,Euronext Access Lisbon
OMER-DECUGIS & CIE,FR0014003T71,ALODC,Euronext Growth Paris
ONCODESIGN,FR0011766229,ALONC,Euronext Growth Paris
ONE EXPERIENCE,FR0013266772,MLOEX,Euronext Access Paris
ONLINEFORMAPRO,FR0004174712,MLONL,Euronext Access Paris
ONTEX GROUP,BE0974276082,ONTEX,Euronext Brussels
ONWARD MEDICAL,NL0015000HT4,ONWD,Euronext Brussels
ONXEO,FR0010095596,ALONX,Euronext Growth Paris
OPEN ORPHAN PLC,GB00B9275X97,ORPH,Euronext Growth Dublin
ORANGE,FR0000133308,ORA,Euronext Paris
ORANGE BELGIUM,BE0003735496,OBEL,Euronext Brussels
ORANJEWOUD A,NL0000370419,ORANW,Euronext Amsterdam
ORAPI,FR0000075392,ORAP,Euronext Paris
ORAPI BSA,FR0013522216,ORAPB,Euronext Paris
ORBIS PROPERTIES,ES0105490009,MLORB,Euronext Access Paris
ORDINA,NL0000440584,ORDI,Euronext Amsterdam
ORDISSIMO,FR0013318052,ALORD,Euronext Growth Paris
OREGE,FR0010609206,OREGE,Euronext Paris
OREY ANTUNES ESC.,PTORE0AM0002,ORE,Euronext Lisbon
ORIGIN ENT. PLC,IE00B1WV4493,OIZ,Euronext Growth Dublin
ORINOQUIA,ES0105534004,MLORQ,Euronext Access Paris
ORMONDE MINING PLC,IE00BF0MZF04,ORQ1,Euronext Growth Dublin
ØRN SOFTWARE HLD.,NO0010934748,ORN,Euronext Growth Oslo
ORPEA,FR0000184798,ORP,Euronext Paris
OSE IMMUNO,FR0012127173,OSE,Euronext Paris
OSMOZIS,FR0013231180,ALOSM,Euronext Growth Paris
OTOVO,NO0010809783,OTOVO,Euronext Growth Oslo
OVH,FR0014005HJ9,OVH,Euronext Paris
OVOCA BIO PLC,IE00B4XVDC01,OVXA,Euronext Growth Dublin
OXURION,BE0003846632,OXUR,Euronext Brussels
OZ GROUP,BE0003860773,ICE,Euronext Expert Market
PACTE NOVATION,FR0000077992,MLPAC,Euronext Access Paris
PARAGON ID,FR0013318813,PID,Euronext Paris
PAREF,FR0010263202,PAR,Euronext Paris
PARROT,FR0004038263,PARRO,Euronext Paris
PARROT BSA 1,FR0013054269,PABSA,Euronext Paris
PARROT BSA 2,FR0013054335,PABSB,Euronext Paris
PART.INDLES MINI.,FR0006823092,MLHOP,Euronext Access Paris
PARX MATERIALS NV,NL0012650535,MLPRX,Euronext Access Paris
PASSAT,FR0000038465,PSAT,Euronext Paris
PATIENTSKY GROUP,NO0010895667,PSKY,Euronext Growth Oslo
PATRIMOINE ET COMM,FR0011027135,PAT,Euronext Paris
PATRIS,PTPRS0AM0017,ALPTR,Euronext Growth Lisbon
PAULIC MEUNERIE,FR0013479730,ALPAU,Euronext Growth Paris
PAYTON PLANAR,IL0010830391,PAY,Euronext Brussels
PCAS,FR0000053514,PCA,Euronext Paris
PEGASUS ENTREP SHA,NL0015000H31,PEACE,Euronext Amsterdam
PEGASUS ENTREP WAR,NL0015000H56,PEACW,Euronext Amsterdam
PEGASUS ORD SHARES,NL00150009D0,PACE,Euronext Amsterdam
PEGASUS UNITS,NL00150009E8,PACEU,Euronext Amsterdam
PEGASUS WARRANTS,NL00150009B4,PACEW,Euronext Amsterdam
PERM. TSB GP. HOLD,IE00BWB8X525,IL0A,Euronext Dublin
PERNOD RICARD,FR0000120693,RI,Euronext Paris
PERRIER (GERARD),FR0000061459,PERR,Euronext Paris
PERSEIDA RENTA,ES0105612008,MLPER,Euronext Access Paris
PERSHING,GG00BPFJTF46,PSH,Euronext Amsterdam
PETRONEFT RES.,IE00B0Q82B24,P8ET,Euronext Growth Dublin
PETRONOR E&P LTD,AU0000057408,PNOR,Euronext Expand Oslo
PEUGEOT INVEST,FR0000064784,PEUG,Euronext Paris
PHARMAGEST INTER.,FR0012882389,PHA,Euronext Paris
PHARMASIMPLE,BE0974302342,ALPHS,Euronext Growth Paris
PHARMING GROUP,NL0010391025,PHARM,Euronext Amsterdam
PHARNEXT,FR0011191287,ALPHA,Euronext Growth Paris
PHAROL,PTPTC0AM0009,PHR,Euronext Lisbon
PHERECYDES PHARMA,FR0011651694,ALPHE,Euronext Growth Paris
PHILIPS BUY BACK,NL0000009322,INPHI,Euronext Amsterdam
PHILIPS KON,NL0000009538,PHIA,Euronext Amsterdam
PHILLY SHIPYARD,NO0010395577,PHLY,Euronext Expand Oslo
PHONE WEB,FR0000185480,MLPHW,Euronext Access Paris
PHOTONIKE CAPITAL,BE0948608451,MLPHO,Euronext Access Paris
PICANOL,BE0003807246,PIC,Euronext Brussels
PIERRE VACANCES,FR0000073041,VAC,Euronext Paris
PIONEER PROPERTY,NO0010735681,PPG,Euronext Expand Oslo
PISCINES DESJOYAUX,FR0000061608,ALPDX,Euronext Growth Paris
PIXIUM VISION,FR0011950641,ALPIX,Euronext Growth Paris
PLACOPLATRE,FR0000030769,MLPLC,Euronext Access Paris
PLANET MEDIA,FR0010211037,ALPLA,Euronext Growth Paris
PLANT ADVANCED,FR0010785790,ALPAT,Euronext Growth Paris
PLANT ADVANCED BS,FR0011844067,PATBS,Euronext Growth Paris
PLAST.VAL LOIRE,FR0013252186,PVL,Euronext Paris
PLASTIC OMNIUM,FR0000124570,POM,Euronext Paris
PLAY MAGNUS,NO0010890726,PMG,Euronext Growth Oslo
PORCELEYNE FLES,NL0000378669,PORF,Euronext Amsterdam
POSTNL,NL0009739416,PNL,Euronext Amsterdam
POUJOULAT,FR0000066441,ALPJT,Euronext Growth Paris
POULAILLON,FR0013015583,ALPOU,Euronext Growth Paris
POXEL,FR0012432516,POXEL,Euronext Paris
PPLA CLASS A,BMG7209L1000,PPLAA,Euronext Amsterdam
PPLA CLASS B,BMG7209L1182,PPLAB,Euronext Amsterdam
PPLA European Unit,US69355L1098,PPLA,Euronext Amsterdam
PRECIA,FR0014004EC4,PREC,Euronext Paris
PREDILIFE,FR0010169920,ALPRE,Euronext Growth Paris
PRISMAFLEX INTL,FR0004044600,ALPRI,Euronext Growth Paris
PROACTIS SA,FR0004052561,PROAC,Euronext Paris
PRODWARE,FR0010313486,ALPRO,Euronext Growth Paris
PRODWAYS,FR0012613610,PWG,Euronext Paris
PROLOGUE,FR0010380626,PROL,Euronext Paris
PROLOGUE BSA,FR0013398617,PROBT,Euronext Growth Paris
PROLOGUE BSA 2017,FR0013268042,PROBS,Euronext Growth Paris
PROP.IMMEUBLES,FR0000061376,MLPRI,Euronext Access Paris
PROSUS,NL0013654783,PRX,Euronext Amsterdam
PROVENTURE GOLD,CA74375L1058,MLPRO,Euronext Access Paris
PROVIDENCE RES.,IE00B66B5T26,PZQA,Euronext Growth Dublin
PROXIMAR SEAFOOD,NO0010893902,PROXI,Euronext Growth Oslo
PROXIMUS,BE0003810273,PROX,Euronext Brussels
PRYME,NL00150005Z1,PRYME,Euronext Growth Oslo
PUBLICIS BSA,FR0000312928,PUBBS,Euronext Paris
PUBLICIS GROUPE SA,FR0000130577,PUB,Euronext Paris
PYRUM INNOVATIONS,DE000A2G8ZX8,PYRUM,Euronext Growth Oslo
QRF,BE0974272040,QRF,Euronext Brussels
QUADIENT,FR0000120560,QDT,Euronext Paris
QUADPACK,ES0105118006,ALQP,Euronext Growth Paris
QUANTAFUEL,NO0010785967,QFUEL,Euronext Growth Oslo
QUANTUM GENOMICS,FR0011648971,ALQGC,Euronext Growth Paris
QUESTBACK GROUP,NO0011019119,QUEST,Euronext Growth Oslo
QUESTFOR GR-PRICAF,BE0003730448,QFG,Euronext Brussels
QWAMPLIFY,FR0010889386,ALQWA,Euronext Growth Paris
QWAMPLIFY BSAANE,FR0013472677,QWABS,Euronext Growth Paris
R8 PROPERTY,NO0010859689,R8P,Euronext Growth Oslo
RAIZE,PTRIZ0AM0009,MLRZE,Euronext Access Lisbon
RALLYE,FR0000060618,RAL,Euronext Paris
RAMADA,PTFRV0AE0004,RAM,Euronext Lisbon
RAMSAY GEN SANTE,FR0000044471,GDS,Euronext Paris
RANA GRUBER,NO0010907389,RANA,Euronext Growth Oslo
RANDSTAD NV,NL0000379121,RAND,Euronext Amsterdam
RAPID NUTRITION,GB00BLG2TX24,ALRPD,Euronext Growth Paris
RAPIDO PRET,FR0012395457,ML350,Euronext Access Paris
REALCO,BE0003841583,REAL,Euronext Access Brussels
REALITES,FR0011858190,ALREA,Euronext Growth Paris
RECTICEL,BE0003656676,REC,Euronext Brussels
RECYLEX S.A.,FR0000120388,RX,Euronext Paris
REIBEL,BE0003829463,REI,Euronext Access Brussels
REINET INVESTMENTS,LU0383812293,REINA,Euronext Amsterdam
RELX,GB00B2B0DG97,REN,Euronext Amsterdam
REMY COINTREAU,FR0000130395,RCO,Euronext Paris
REN,PTREL0AM0008,RENE,Euronext Lisbon
RENAULT,FR0000131906,RNO,Euronext Paris
RENEWI,GB00BNR4T868,RWI,Euronext Amsterdam
RES GESTAE SOCIMI,ES0105550000,MLJDL,Euronext Access Paris
RESILUX,BE0003707214,RES,Euronext Brussels
RETAIL ESTATES,BE0003720340,RET,Euronext Brussels
REVIVAL EXPANSION,FR0000077232,MLREX,Euronext Access Paris
REWORLD MEDIA,FR0010820274,ALREW,Euronext Growth Paris
REXEL,FR0010451203,RXL,Euronext Paris
RIBER,FR0000075954,ALRIB,Euronext Growth Paris
RIVER TECH,MT0001710103,RIVER,Euronext Growth Oslo
ROBERTET,FR0000039091,RBT,Euronext Paris
ROBERTET CDV 87,FR0000045619,CBR,Euronext Paris
ROBERTET CI,FR0000045601,CBE,Euronext Paris
ROCHE BOBOIS,FR0013344173,RBO,Euronext Paris
ROCTOOL,FR0010523167,ALROC,Euronext Growth Paris
ROCTOOL BSA 2020-2,FR0013477593,ROCBT,Euronext Growth Paris
ROMERIKE SPAREBK,NO0010808405,ROMER,Euronext Growth Oslo
ROMREAL,BMG763301022,ROM,Euronext Expand Oslo
ROMSDAL SPAREBANK,NO0010759988,ROMSB,Euronext Growth Oslo
ROODMICROTEC,NL0000440477,ROOD,Euronext Amsterdam
ROSIER,BE0003575835,ENGB,Euronext Brussels
ROTHSCHILD & CO,FR0000031684,ROTH,Euronext Paris
ROUGIER S.A.,FR0000037640,ALRGR,Euronext Growth Paris
ROULARTA,BE0003741551,ROU,Euronext Brussels
ROUSSELET CENTRIF.,FR0000035750,MLROU,Euronext Access Paris
ROYAL DUTCH SHELLA,GB00B03MLX29,RDSA,Euronext Amsterdam
ROYAL DUTCH SHELLB,GB00B03MM408,RDSB,Euronext Amsterdam
RSR SINGULAR,ES0105505004,MLRSR,Euronext Access Lisbon
RUBIS,FR0013269123,RUI,Euronext Paris
RYANAIR HOLD. PLC,IE00BYTBXV33,RYA,Euronext Dublin
S.CLUBE BRAGA,PTSCB0AM0001,SCB,Euronext Access Lisbon
S.E.B.,FR0000121709,SK,Euronext Paris
SAFE,FR0013467123,ALSAF,Euronext Growth Paris
SAFRAN,FR0000073272,SAF,Euronext Paris
SAINT GOBAIN,FR0000125007,SGO,Euronext Paris
SAINT JEAN GROUPE,FR0000060121,SABE,Euronext Paris
SAMSE,FR0000060071,SAMS,Euronext Paris
SANOFI,FR0000120578,SAN,Euronext Paris
SANOFI NV22,FR0014006T94,SANNV,Euronext Paris
SAPMER,FR0010776617,ALMER,Euronext Growth Paris
SARTORIUS STED BIO,FR0013154002,DIM,Euronext Paris
SAVENCIA,FR0000120107,SAVE,Euronext Paris
SAVONNERIE NYONS,FR0013155975,MLSDN,Euronext Access Paris
SBM OFFSHORE,NL0000360618,SBMO,Euronext Amsterdam
SBT,FR0004175222,MLSBT,Euronext Access Paris
SCANDINAVIAN HOUSE,CH0220529603,MLSHD,Euronext Access Paris
SCBSM,FR0006239109,CBSM,Euronext Paris
SCEMI,FR0010972091,MLCMI,Euronext Access Paris
SCHEERD.V KERCHOVE,BE0012378593,SCHD,Euronext Brussels
SCHLUMBERGER,AN8068571086,SLB,Euronext Paris
SCHNEIDER ELECTRIC,FR0000121972,SU,Euronext Paris
SCHOBRUNN PARIS,FR0010961920,MLSCH,Euronext Access Paris
SCIENTIA SCHOOL,ES0105592002,MLSCI,Euronext Access Paris
SCOR SE,FR0010411983,SCR,Euronext Paris
SEAWAY 7,NO0010893803,SEAW7,Euronext Growth Oslo
SECHE ENVIRONNEM.,FR0000039109,SCHP,Euronext Paris
SEGRO PLC,GB00B5ZN1N88,SGRO,Euronext Paris
SEIF SPA,IT0005353484,ALSEI,Euronext Growth Paris
SELCODIS,FR0000065492,SLCO,Euronext Paris
SELECTIRENTE,FR0004175842,SELER,Euronext Paris
SEMAPA,PTSEM0AM0004,SEM,Euronext Lisbon
SEMPLICEMENTE SpA,IT0005072811,MLSMP,Euronext Access Paris
SENSORION,FR0012596468,ALSEN,Euronext Growth Paris
SEQUA PETROLEUM NV,NL0010623518,MLSEQ,Euronext Access Paris
SEQUANA MEDICAL,BE0974340722,SEQUA,Euronext Brussels
SERGEFERRARI GROUP,FR0011950682,SEFER,Euronext Paris
SERMA GROUP,FR0000073728,ALSER,Euronext Growth Paris
SES,LU0088087324,SESG,Euronext Paris
SES IMAGOTAG,FR0010282822,SESL,Euronext Paris
SETTLEMENTS,BE0974261902,STTL,Euronext Growth Brussels
SHOWROOMPRIVE,FR0013006558,SRP,Euronext Paris
SHURGARD,LU1883301340,SHUR,Euronext Brussels
SIDETRADE,FR0010202606,ALBFR,Euronext Growth Paris
SIF HOLDING,NL0011660485,SIFG,Euronext Amsterdam
SIGNAUX GIROD,FR0000060790,ALGIR,Euronext Growth Paris
SIGNIFY NV,NL0011821392,LIGHT,Euronext Amsterdam
SII,FR0000074122,SII,Euronext Paris
SIKRI HOLDING,NO0010881717,SIKRI,Euronext Growth Oslo
SILC,FR0010679365,MLSIL,Euronext Access Paris
SIMAT,CI0000000832,MLMAT,Euronext Access Paris
SIPEF,BE0003898187,SIP,Euronext Brussels
SKANDIA GREENPOWER,NO0010931207,SKAND,Euronext Growth Oslo
SLIGRO FOOD GROUP,NL0000817179,SLIGR,Euronext Amsterdam
SMALTO,FR0011131788,MLSML,Euronext Access Paris
SMALTO BSA,FR0010649228,SMLBS,Euronext Access Paris
SMARTOPTICS GROUP,NO0011012502,SMOP,Euronext Growth Oslo
SMARTPHOTO GROUP,BE0974323553,SMAR,Euronext Brussels
SMCP,FR0013214145,SMCP,Euronext Paris
SMTPC,FR0004016699,SMTPC,Euronext Paris
SMURFIT KAPPA GP,IE00B1RR8406,SK3,Euronext Dublin
SNOWWORLD,NL0010627865,SNOW,Euronext Amsterdam
SOC FRANC CASINOS,FR0010209809,SFCA,Euronext Paris
SOCIETE GENERALE,FR0000130809,GLE,Euronext Paris
SODEXO,FR0000121220,SW,Euronext Paris
SODITECH,FR0000078321,SEC,Euronext Paris
SOFINA,BE0003717312,SOF,Euronext Brussels
SOFTIMAT,BE0003773877,SOFT,Euronext Growth Brussels
SOFTOX SOLUTIONS,NO0010811961,SOFTX,Euronext Growth Oslo
SOGECLAIR,FR0000065864,SOG,Euronext Paris
SOITEC,FR0013227113,SOI,Euronext Paris
SOLOCAL GROUP,FR00140006O9,LOCAL,Euronext Paris
SOLUTIONS 30 SE,FR0013379484,S30,Euronext Paris
SOLVAC NOM(RETAIL),BE0003545531,SOLV,Euronext Brussels
SOLVAY,BE0003470755,SOLB,Euronext Brussels
SOMFY SA,FR0013199916,SO,Euronext Paris
SONAE,PTSON0AM0001,SON,Euronext Lisbon
SONAGI,PTSNG0AM0007,SNG,Euronext Access Lisbon
SOPRA STERIA GROUP,FR0000050809,SOP,Euronext Paris
SPAC,FR0011277391,FPN,Euronext Paris
SPADEL,BE0003798155,SPA,Euronext Brussels
SPARBNK 68 GR NORD,NO0010887110,SB68,Euronext Growth Oslo
SPARTOO,FR00140043Y1,ALSPT,Euronext Growth Paris
SPEED RABBIT PIZZA,FR0000054371,MLSRP,Euronext Access Paris
SPIE,FR0012757854,SPIE,Euronext Paris
SPINEGUARD,FR0011464452,ALSGD,Euronext Growth Paris
SPINEGUARD BS,FR0014003UB4,SGDBS,Euronext Growth Paris
SPINEWAY,FR0011398874,ALSPW,Euronext Growth Paris
SPORTING,PTSCP0AM0001,SCP,Euronext Lisbon
SPR1 ORD SHARES,NL0015000NM7,SPR1,Euronext Amsterdam
SPR1T TREAS SHARES,NL0015000NL9,SPR1T,Euronext Amsterdam
SPR1W WARRANTS,NL0015000NK1,SPR1W,Euronext Amsterdam
SQLI,FR0011289040,SQI,Euronext Paris
ST DUPONT,FR0000054199,DPT,Euronext Paris
STATT TORSK,NO0010775844,STATT,Euronext Growth Oslo
STEF,FR0000064271,STF,Euronext Paris
STELLANTIS NV,NL00150001Q9,STLA,Euronext Paris
STERN GROEP,NL0000336303,STRN,Euronext Amsterdam
STMICROELECTRONICS,NL0000226223,STM,Euronext Paris
STRADIM ESPAC.FIN,FR0000074775,ALSAS,Euronext Growth Paris
STREAMWIDE,FR0010528059,ALSTW,Euronext Growth Paris
STREIT MECANIQUE,FR0000063976,MLSTR,Euronext Access Paris
SUEZ,FR0010613471,SEV,Euronext Paris
SUMO RESOURCES PLC,GB00B8GJBS16,MLSUM,Euronext Access Paris
SUNNDAL SPAREBANK,NO0010672900,SUNSB,Euronext Growth Oslo
SWORD GROUP,FR0004180578,SWP,Euronext Paris
SYNERGIE,FR0000032658,SDG,Euronext Paris
T STAMP INC,US8730483000,AIID,Euronext Growth Dublin
TARKETT,FR0004188670,TKTT,Euronext Paris
TAYNINH,FR0000063307,TAYN,Euronext Paris
TEAM,FR0000033466,MLTEA,Euronext Access Paris
TECH BSA 2024,FR0013526225,TECBS,Euronext Paris
TECHNICOLOR,FR0013505062,TCH,Euronext Paris
TECHNIP ENERGIES,NL0014559478,TE,Euronext Paris
TECHNIPFMC,GB00BDSFG982,FTI,Euronext Paris
TECO 2030,NO0010887516,TECO,Euronext Growth Oslo
TEIXEIRA DUARTE,PTTD10AM0000,TDSA,Euronext Lisbon
TEKNA HOLDING,NO0010951577,TEKNA,Euronext Growth Oslo
TELENET GROUP,BE0003826436,TNET,Euronext Brussels
TELEPERFORMANCE,FR0000051807,TEP,Euronext Paris
TELEVERBIER,CH0008175645,TVRB,Euronext Paris
TELEVISTA,FR0011076595,MLVST,Euronext Access Paris
TER BEKE,BE0003573814,TERB,Euronext Brussels
TESCO PLC,GB00BLGZ9862,TCO,Euronext Dublin
TESSENDERLO,BE0003555639,TESB,Euronext Brussels
TETRAGON FIN GRP,GG00B1RMC548,TFG,Euronext Amsterdam
TETRYS,BE0003886067,TET,Euronext Expert Market
TEXAF,BE0974263924,TEXF,Euronext Brussels
TF1,FR0000054900,TFI,Euronext Paris
TFF GROUP,FR0013295789,TFF,Euronext Paris
THALES,FR0000121329,HO,Euronext Paris
THE BLOCKCHAIN GP,FR0011053636,ALTBG,Euronext Growth Paris
THE KINGFISH COMP,NL00150001S5,KING,Euronext Growth Oslo
THE NAVIGATOR COMP,PTPTI0AM0006,NVG,Euronext Lisbon
THEBLOCKCHAINGRBS,FR00140065G1,TBGBS,Euronext Growth Paris
THERACLION,FR0010120402,ALTHE,Euronext Growth Paris
THERADIAG,FR0004197747,ALTER,Euronext Growth Paris
THERANEXUS,FR0013286259,ALTHX,Euronext Growth Paris
THERAVET,BE0974387194,ALVET,Euronext Growth Paris
THERMADOR GROUPE,FR0013333432,THEP,Euronext Paris
THUNDERBIRD,VGG885761061,TBIRD,Euronext Amsterdam
TIE KINETIX,NL0010389508,TIE,Euronext Amsterdam
TIKEHAU CAPITAL,FR0013230612,TKO,Euronext Paris
TINC,BE0974282148,TINC,Euronext Brussels
TIPIAK,FR0000066482,TIPI,Euronext Paris
TITAN CEMENT,BE0974338700,TITC,Euronext Brussels
TIVOLY,FR0000060949,ALTIV,Euronext Growth Paris
TKH GROUP,NL0000852523,TWEKA,Euronext Amsterdam
TOMTOM,NL0013332471,TOM2,Euronext Amsterdam
TOOLUX SANDING,LU0394945660,ALTLX,Euronext Growth Paris
TOOSLA,FR00140062B9,ALTOO,Euronext Growth Paris
TOQUES BLANCHES,FR0011668821,ALTBM,Euronext Growth Paris
TOTAL GABON,GA0000121459,EC,Euronext Paris
TOTALENERGIES,FR0000120271,TTE,Euronext Paris
TOUAX,FR0000033003,TOUP,Euronext Paris
TOUR EIFFEL,FR0000036816,EIFF,Euronext Paris
TOUTABO,FR0010621722,MLABO,Euronext Access Paris
TOYOTA CAETANO,PTSCT0AP0018,SCT,Euronext Lisbon
TPSH,FR0011040690,MLPSH,Euronext Access Paris
TRAMWAYS DE ROUEN,FR0000031866,MLTRA,Euronext Access Paris
TRANSGENE,FR0005175080,TNG,Euronext Paris
TRANSITION SHARES,FR00140039U7,TRAN,Euronext Paris
TRANSITION WARRANT,FR0014003AC4,TRANW,Euronext Paris
TRIGANO,FR0005691656,TRI,Euronext Paris
TRILOGIQ,FR0010397901,ALTRI,Euronext Growth Paris
TROC ILE,FR0000031106,MLTRO,Euronext Access Paris
TRONICS,FR0004175099,ALTRO,Euronext Growth Paris
TTI,FR0010383877,ALTTI,Euronext Growth Paris
TUBIZE (ATTR),BE0099967573,TUBAT,Euronext Expert Market
TUBIZE-FIN,BE0003823409,TUB,Euronext Brussels
TULLOW OIL PLC,GB0001500809,TQW,Euronext Dublin
TXCOM,FR0010654087,ALTXC,Euronext Growth Paris
TYSNES SPAREBANK,NO0010731615,TYSB,Euronext Growth Oslo
U10 CORP,FR0000079147,ALU10,Euronext Growth Paris
UBISOFT ENTERTAIN,FR0000054470,UBI,Euronext Paris
UCAR,FR0011070457,ALUCR,Euronext Growth Paris
UCARE SERVICES BEL,BE0003838555,PNSB,Euronext Access Brussels
UCB,BE0003739530,UCB,Euronext Brussels
UMALIS GROUP,FR0011776889,MLUMG,Euronext Access Paris
UMANIS,FR0013263878,ALUMS,Euronext Growth Paris
UMG,NL0015000IY2,UMG,Euronext Amsterdam
UMICORE,BE0974320526,UMI,Euronext Brussels
UNI.METALG.HT-SEI.,FR0005783503,MLUMH,Euronext Access Paris
UNIBAIL-RODAMCO-WE,FR0013326246,URW,Euronext Amsterdam
UNIBEL,FR0000054215,UNBL,Euronext Paris
UNIFIEDPOST GROUP,BE0974371032,UPG,Euronext Brussels
UNILEVER,GB00B10RZP78,UNA,Euronext Amsterdam
UNION FIN.FRANCE,FR0000034548,UFF,Euronext Paris
UNION TECH.INFOR.,FR0000074197,FPG,Euronext Paris
UNIPHAR PLC,IE00BJ5FQX74,UPR,Euronext Growth Dublin
UNITI,FR0012709160,ALUNT,Euronext Growth Paris
UPERGY,FR0010337865,ALUPG,Euronext Growth Paris
UV GERMI,FR0011898584,ALUVI,Euronext Growth Paris
V LANSCHOT KEMPEN,NL0000302636,VLK,Euronext Amsterdam
VAA VISTA ALEGRE,PTVAA0AM0019,VAF,Euronext Lisbon
VALBIOTIS,FR0013254851,ALVAL,Euronext Growth Paris
VALEO,FR0013176526,FR,Euronext Paris
VALLOUREC,FR0013506730,VK,Euronext Paris
VALLOUREC BSA 21,FR00140030K7,VKBS,Euronext Paris
VALNEVA,FR0004056851,VLA,Euronext Paris
VALONEO,FR0012833770,MLVAL,Euronext Access Paris
VALUE8,NL0010661864,VALUE,Euronext Amsterdam
VALUE8 CUM PREF,NL0015118803,PREVA,Euronext Amsterdam
VAM INVEST SHARES,NL0015000G40,VAM,Euronext Amsterdam
VAM INVEST TR SHA,NL0015000GH1,VAMT,Euronext Amsterdam
VAM INVEST WARRANT,NL0015000G32,VAMW,Euronext Amsterdam
VAN DE VELDE,BE0003839561,VAN,Euronext Brussels
VANDOR REAL ESTATE,ES0105623005,MLVRE,Euronext Access Paris
VASTNED,NL0000288918,VASTN,Euronext Amsterdam
VASTNED BELGIUM,BE0003754687,VASTB,Euronext Brussels
VENTE UNIQUE.COM,FR0010766667,ALVU,Euronext Growth Paris
VEOLIA ENVIRON.,FR0000124141,VIE,Euronext Paris
VEON,BMG9349W1038,VEON,Euronext Amsterdam
VERALLIA,FR0013447729,VRLA,Euronext Paris
VERGNET,FR0004155240,ALVER,Euronext Growth Paris
VERIMATRIX,FR0010291245,VMX,Euronext Paris
VERNEY CARRON,FR0006174496,MLVER,Euronext Access Paris
VETOQUINOL,FR0004186856,VETO,Euronext Paris
VGP,BE0003878957,VGP,Euronext Brussels
VIALIFE,FR0010326090,ALVIA,Euronext Growth Paris
VICAT,FR0000031775,VCT,Euronext Paris
VIEL ET COMPAGNIE,FR0000050049,VIL,Euronext Paris
VILMORIN & CIE,FR0000052516,RIN,Euronext Paris
VINCI,FR0000125486,DG,Euronext Paris
VIOHALCO,BE0974271034,VIO,Euronext Brussels
VIRBAC,FR0000031577,VIRP,Euronext Paris
VISIATIV,FR0004029478,ALVIV,Euronext Growth Paris
VISIATIV BS,FR0014003O76,VIVBS,Euronext Growth Paris
VISIO NERF,FR0010033480,MLVIS,Euronext Access Paris
VISIODENT,FR0000065765,SDT,Euronext Paris
VISIOMED BSA2018-1,FR0013322724,VMGBS,Euronext Growth Paris
VISIOMED GROUP,FR0013481835,ALVMG,Euronext Growth Paris
VISIOMEDBSA26OCT23,FR0013321817,VMGBT,Euronext Growth Paris
VITURA,FR0010309096,VTR,Euronext Paris
VIVENDI NV22,FR0014006O81,VIVNV,Euronext Paris
VIVENDI SE,FR0000127771,VIV,Euronext Paris
VIVORYON,NL00150002Q7,VVY,Euronext Amsterdam
VOGO,FR0011532225,ALVGO,Euronext Growth Paris
VOLTA FINANCE,GG00B1GHHH78,VTA,Euronext Amsterdam
VOLTALIA,FR0011995588,VLTSA,Euronext Paris
VOPAK,NL0009432491,VPK,Euronext Amsterdam
VOW GREEN METALS,NO0011037483,VGM,Euronext Growth Oslo
VOYAGEURS DU MONDE,FR0004045847,ALVDM,Euronext Growth Paris
VRANKEN-POMMERY,FR0000062796,VRAP,Euronext Paris
VREF SEVILLE,ES0105492005,MLVRF,Euronext Access Paris
WAGA ENERGY,FR0012532810,WAGA,Euronext Paris
WALLIX,FR0010131409,ALLIX,Euronext Growth Paris
WAREHOUSES ESTATES,BE0003734481,WEB,Euronext Brussels
WAVESTONE,FR0013357621,WAVE,Euronext Paris
WDP,BE0974349814,WDP,Euronext Brussels
WE.CONNECT,FR0013079092,ALWEC,Euronext Growth Paris
WEACCESS GROUP,FR0010688465,MLWEA,Euronext Access Paris
WEDIA,FR0010688440,ALWED,Euronext Growth Paris
WELL,FR0004152700,MLWEL,Euronext Access Paris
WENDEL,FR0000121204,MF,Euronext Paris
WERELDHAVE,NL0000289213,WHA,Euronext Amsterdam
WERELDHAVE BELGIUM,BE0003724383,WEHB,Euronext Brussels
WESTERN BULK CHART,NO0010768096,WEST,Euronext Growth Oslo
WEYA,FR0010768770,MLWEY,Euronext Access Paris
WHITENI R CAJAL,ES0105399002,MLWRC,Euronext Access Paris
WHITESTONE GROUP,BE0974401334,ROCK,Euronext Growth Brussels
WINFARM,FR0014000P11,ALWF,Euronext Growth Paris
WITBE,FR0013143872,ALWIT,Euronext Growth Paris
WIZIBOAT,FR00140047H7,MLWIZ,Euronext Access Paris
WOL. EXTENS. CERT,BE0003600112,WOLE,Euronext Brussels
WOL. SHOPPING CERT,BE0003571792,WOLS,Euronext Brussels
WOLTERS KLUWER,NL0000395903,WKL,Euronext Amsterdam
WORLDLINE,FR0011981968,WLN,Euronext Paris
X-FAB,BE0974310428,XFAB,Euronext Paris
XILAM ANIMATION,FR0004034072,XIL,Euronext Paris
XIOR,BE0974288202,XIOR,Euronext Brussels
XPLORA TECHNOLOGIE,NO0010895782,XPLRA,Euronext Growth Oslo
YATRA,JE00B1FBT077,YATRA,Euronext Amsterdam
YEW GROVE REIT PLC,IE00BDT5KP12,YEW,Euronext Dublin
ZAPTEC,NO0010713936,ZAP,Euronext Growth Oslo
ZCCM,ZM0000000037,MLZAM,Euronext Access Paris
ZCI LIMITED,BMG9887P1068,CV,Euronext Paris
ZENITH ENERGY,CA98936C1068,ZENA,Euronext Growth Oslo
ZENOBE GRAMME CERT,BE0003809267,ZEN,Euronext Brussels
ZWIPE,NO0010721277,ZWIPE,Euronext Growth Oslo